id,make,model,year,vin,color,price
1,Nissan,350Z,2003,3C3CFFCR8CT442142,Red,22369.91
2,GMC,Sierra 1500,2008,2G4GU5GV2C9205309,Purple,18718.84
3,Chevrolet,Cobalt SS,2009,1C3CDWBA4CD434806,Maroon,7667.10
4,GMC,Safari,1996,WBA3B1G52FN383463,Orange,24629.63
5,Mitsubishi,Galant,1996,1G6DC8EY6B0079847,Teal,9269.45
6,BMW,M,2001,WBA3R1C53FK007065,Blue,11863.61
7,Mercedes-Benz,S-Class,1989,WBAVB73557K818254,Purple,14172.25
8,Mazda,B-Series,1993,WAUDGAFLXBA654213,Yellow,15387.48
9,Ford,E-Series,2012,1G6AG5RX1F0260657,Crimson,10618.75
10,Chrysler,New Yorker,1992,KL4CJBSB2DB110055,Crimson,19512.66
11,Volkswagen,Eurovan,2000,1GTG5AEA7F1145501,Turquoise,25176.32
12,Suzuki,Vitara,2000,WBAYF8C53ED053036,Aquamarine,7179.19
13,Ford,Econoline E350,1998,WAUMGBFL4CA642288,Purple,17937.84
14,Dodge,Avenger,2012,SAJWA0ES8EP557546,Goldenrod,29602.81
15,Infiniti,Q,2005,JH4NA21663T179390,Khaki,19600.08
16,Ford,Escape,2004,JH4DC54835S678516,Teal,12828.01
17,Bugatti,Veyron,2009,SCBET9ZA5F8541930,Green,16771.46
18,Ford,Club Wagon,1996,3VW467AT7DM138295,Green,23463.81
19,Dodge,Ram Van 1500,2003,19XFA1E60BE764421,Pink,29166.22
20,Maserati,Karif,1989,WBAWC3C50AP463661,Turquoise,21380.83
21,Honda,Accord,1993,JH4KB2F69CC853315,Red,19965.44
22,Subaru,Impreza,2003,1G6AT5S39E0451339,Pink,15741.68
23,Mercedes-Benz,S-Class,1991,1GD21ZCG7BZ419976,Aquamarine,5934.32
24,Honda,Accord,1998,WBAKE5C59BE057153,Maroon,19368.56
25,Toyota,Celica,2004,4T1BF1FK6EU996471,Purple,5440.94
26,Pontiac,LeMans,1988,1G6DL8EY9B0817723,Aquamarine,27329.93
27,Mercedes-Benz,SL65 AMG,2006,1N6AA0CA7DN801469,Purple,10539.98
28,Ford,Flex,2009,WA1CGBFE1BD189965,Violet,16699.20
29,Mercury,Grand Marquis,2008,KMHHT6KD2EU375722,Yellow,26345.70
30,Plymouth,Colt,1992,TRUUT28N751035663,Orange,22935.10
31,Plymouth,Colt,1994,JN8AF5MR2CT611583,Purple,27292.41
32,Buick,Terraza,2007,3G5DA03E03S801179,Fuscia,11774.52
33,Nissan,Titan,2011,WVGEF9BP0DD537450,Green,17840.65
34,BMW,X5,2011,WA1LGAFE6FD998751,Pink,14031.46
35,Lincoln,Town Car,2009,1N4AB7AP2DN021031,Yellow,15316.80
36,Chevrolet,Metro,2000,KMHTC6AD0FU848112,Puce,29561.42
37,Mercedes-Benz,G-Class,2009,1GYS4DEF3CR320635,Orange,19208.60
38,Volkswagen,Jetta,1988,ZFBCFABH4EZ190430,Pink,14688.89
39,Hyundai,Santa Fe,2008,WBA3A9C57FK884454,Purple,29746.52
40,Audi,4000s,1986,WBA5A7C54FD423469,Turquoise,26979.34
41,Mercury,Sable,1991,5UXZV8C55CL167258,Pink,25455.09
42,Mazda,626,2000,JN8AZ1MU8EW074269,Purple,11628.08
43,Dodge,Grand Caravan,2002,1G6KD57949U127549,Goldenrod,6039.58
44,Acura,CL,1999,3C3CFFBR9CT552182,Yellow,29917.27
45,Mazda,626,1995,3C63DPAL4CG574319,Puce,6421.50
46,Volkswagen,New Beetle,2004,JA32U2FU7EU810033,Pink,6973.76
47,Jaguar,X-Type,2002,1FMCU0C77BK455230,Violet,19795.00
48,Volkswagen,Type 2,1985,SAJWJ1CD5F8467101,Maroon,22973.70
49,Isuzu,Rodeo,2003,JH4DC53825S278934,Aquamarine,16562.35
50,Foose,Hemisfear,2007,KNALU4D49F6347464,Red,22875.74
51,Lincoln,MKZ,2011,SCFKDCEP0EG968250,Puce,26461.77
52,Chevrolet,Camaro,2002,WAUDG58E05A672777,Teal,6020.88
53,Mazda,Mazda5,2008,WVGEF9BP7FD886205,Teal,23636.85
54,Hyundai,Sonata,2002,KL4CJDSB7FB878628,Yellow,10410.25
55,Toyota,Tacoma,2002,5UXFB53534L095634,Yellow,20395.86
56,Chevrolet,S10,1999,WAUKH78E57A247445,Indigo,25061.95
57,Lincoln,Town Car,2011,WVWED7AJ0BW816992,Mauv,4998.96
58,Lamborghini,Diablo,1991,2T1KE4EE2CC571053,Orange,23352.21
59,Chevrolet,Blazer,2005,SCFFBCCD0BG703260,Khaki,23951.07
60,Nissan,Titan,2008,JN8AZ2KR1CT174331,Violet,15229.72
61,Ford,F-Series,2009,WBAXG5C54DD614267,Violet,19503.48
62,Saab,9-2X,2005,1C6RD6JT9CS441813,Pink,29681.01
63,Mazda,B2000,1985,5TDBKRFH3FS347672,Yellow,18228.33
64,Pontiac,LeMans,1988,KL4CJESB4DB169691,Pink,4038.79
65,Mitsubishi,Chariot,1986,5UXFG43529L511627,Aquamarine,16409.95
66,GMC,Yukon,2000,WBY2Z2C5XFV667248,Blue,14544.73
67,Mazda,RX-7,1995,JM1GJ1T63E1655062,Green,26347.07
68,MINI,Countryman,2012,3HGGK5G52FM598638,Fuscia,19795.70
69,Volkswagen,Jetta,2002,1N6AA0CC2BN507489,Crimson,26189.09
70,Toyota,Matrix,2003,WA1WMAFE5FD972387,Violet,25113.10
71,Mercedes-Benz,S-Class,1997,WBA3T7C50FP713157,Turquoise,19218.96
72,Nissan,200SX,1995,NM0AS8F79E1274524,Crimson,4187.04
73,Chevrolet,Camaro,1971,WA1LMAFE2AD716977,Yellow,10831.40
74,Dodge,Durango,2007,5TDDK3DC9ES647731,Green,20010.92
75,Toyota,Camry Hybrid,2009,TRUTX28NX11987342,Aquamarine,11174.78
76,Chevrolet,1500,1999,WBSWD93579P912471,Blue,23887.28
77,Ford,E350,2008,3N1CN7AP0FL036109,Purple,16327.17
78,Chevrolet,Silverado 1500,2012,1FMJK1F52CE029989,Pink,11377.64
79,Nissan,Altima,1994,4JGDA2EB9EA171413,Mauv,11894.37
80,Suzuki,Grand Vitara,2001,WBAKB0C52CC378301,Crimson,9962.90
81,Volkswagen,GTI,2006,WAUAF78E96A429925,Crimson,28367.86
82,MINI,Cooper Clubman,2012,WDDGF4HB9ER433819,Violet,22829.78
83,Mazda,Familia,1987,YV1902AH8E1646972,Puce,29926.17
84,Infiniti,G,2007,1G4HH5E96AU529376,Fuscia,21140.69
85,Ford,F450,2008,JTDBT4K35C1898429,Red,16800.05
86,Nissan,Sentra,1993,WAUAFAFL1FA015861,Violet,29056.19
87,Ford,Club Wagon,1993,5UXFG43529L533840,Pink,12052.22
88,Audi,S4,2006,5FRYD4H91GB564624,Indigo,17597.00
89,Suzuki,Swift,1988,1FMEU3DE2AU804935,Purple,26287.57
90,Saturn,S-Series,2000,WBAEB53598C068289,Blue,28396.83
91,Land Rover,Discovery,2005,1C6RD7NT1CS171251,Fuscia,14087.32
92,Ford,F450,2009,WA1VFAFL6EA897011,Turquoise,13081.62
93,Toyota,Matrix,2003,WAUMGAFL1BA923120,Blue,15582.40
94,BMW,7 Series,2010,KMHHT6KD0CU484970,Orange,25929.26
95,BMW,Z4,2009,WBA3A5G5XCN513074,Yellow,7670.60
96,GMC,Safari,1997,2T1KE4EE0AC135704,Indigo,20891.24
97,Nissan,Sentra,1991,4T3BA3BB8EU749380,Green,25550.82
98,MINI,Cooper,2003,JH4CL95838C297393,Mauv,22852.47
99,Pontiac,Firebird,1991,1N6AA0EC2EN868559,Goldenrod,19671.37
100,Porsche,928,1985,5UXFH0C55BL402798,Khaki,18403.91
101,Chevrolet,Sonic,2012,WAUGVAFR0BA683484,Aquamarine,27125.97
102,Hummer,H1,1997,5J8TB4H35EL282933,Maroon,7873.11
103,Ford,F250,2009,KMHCT4AE5DU318356,Red,6221.54
104,BMW,M5,1992,WAUKFBFL3EA564311,Goldenrod,5917.80
105,Ford,Mustang,2013,WAUPEAFM2AA458521,Turquoise,15495.65
106,Toyota,Sequoia,2007,1C4RDJEG5FC437555,Turquoise,9312.54
107,Chevrolet,Express 2500,2007,KM8NU4CC1CU924446,Yellow,19665.78
108,Volvo,850,1993,5GAKVAKD4EJ945861,Puce,24289.54
109,Lamborghini,Gallardo,2006,WAUMGBFL1BA653568,Mauv,23682.40
110,Jeep,Commander,2006,SCFFDABEXCG530972,Orange,25088.58
111,Ford,Bronco,1989,WBAPH7C55BA810130,Green,14741.63
112,Nissan,Pathfinder,2009,3D73Y3CL7BG578257,Pink,14911.61
113,Honda,Civic,2002,2LMHJ5AR2BB855567,Green,12593.54
114,Toyota,RAV4,2008,1GKS2GEJ5DR869115,Puce,8305.67
115,Porsche,Boxster,2008,3VW1K7AJ0DM981719,Maroon,25278.37
116,Kia,Sportage,1996,5N1AT2ML9EC711614,Orange,26665.88
117,Chrysler,New Yorker,1996,WAUSG78E36A593835,Khaki,16808.37
118,Dodge,Ram Van B350,1992,5GADX33L26D763869,Yellow,14490.68
119,Mitsubishi,Outlander,2003,5LMJJ3H54BE903950,Maroon,27855.95
120,Acura,TL,2003,WBA3A9C50CF059408,Maroon,5317.62
121,Mitsubishi,Lancer Evolution,2006,WDDEJ7GB6AA242327,Turquoise,28909.83
122,BMW,7 Series,2009,WBANU53528C673068,Teal,27014.92
123,Subaru,Legacy,1993,WVWED7AJ9CW246637,Indigo,28547.03
124,Volkswagen,Corrado,1991,5TDDCRFH2FS365912,Fuscia,13560.75
125,Chevrolet,Express 3500,2006,1FTEW1E81AF620618,Goldenrod,7164.96
126,Toyota,Avalon,2005,WAUVFAFH7CN128537,Red,15418.06
127,Pontiac,Firebird,1995,WDDGF4HB5EG965385,Maroon,29499.29
128,Lincoln,Navigator,2003,1FTEW1CM4EF468761,Green,27098.66
129,Mazda,MX-5,2004,KNADH4A38B6535763,Green,11732.01
130,Toyota,Tacoma,2009,5N1AT2MK8EC151981,Teal,22576.92
131,Ford,Ranger,1994,1HGCP2E47AA742876,Blue,22413.89
132,Mercury,Sable,1991,1G6DX6EDXB0990768,Violet,6613.18
133,Lamborghini,Gallardo,2011,WVWED7AJ4DW562626,Turquoise,6734.60
134,Ford,Ranger,2006,1G6DP577750696671,Puce,12992.79
135,Toyota,Echo,2002,1ZVBP8AM5D5482586,Green,23339.81
136,BMW,X6,2013,2C3CDXCT0DH847641,Red,27307.11
137,Acura,TSX,2007,5XXGM4A75CG749160,Fuscia,6688.58
138,Lamborghini,Murciélago,2004,1GD022CG8CZ172223,Mauv,16701.97
139,Toyota,Yaris,2011,4T1BF3EK9AU774837,Fuscia,13151.60
140,Cadillac,CTS-V,2011,WBAUN1C54BV004880,Blue,24264.70
141,Nissan,300ZX,1994,YV1612FH8E2182309,Blue,17242.53
142,Lexus,ES,1996,WBABV13476J723228,Red,11989.03
143,GMC,Yukon Denali,2000,JA32U2FU4FU763156,Khaki,4606.50
144,Ford,F350,2002,2G61U5S38D9884071,Crimson,13515.21
145,Jeep,Compass,2007,1D4RD4GG3BC114102,Puce,21910.42
146,Honda,del Sol,1995,WBAVC53517F495475,Purple,22012.13
147,Maybach,57,2005,WAUBF78E88A111771,Purple,21032.40
148,Chevrolet,S10 Blazer,1993,WBADT33442G993387,Puce,18067.91
149,Dodge,Nitro,2007,WAUPFAFMXCA926155,Orange,7814.58
150,Ford,F150,1996,WVGAV7AX0AW284783,Fuscia,25007.65
151,Acura,MDX,2012,WDDHF7GB5FB832194,Yellow,7111.96
152,Audi,A7,2012,WAUBF98E28A831725,Purple,18872.22
153,Ford,Econoline E350,1993,JH4NA21634T039427,Puce,28653.92
154,Saturn,VUE,2002,WAUFFAFM8AA680621,Violet,16803.65
155,Dodge,Intrepid,2001,5N1AN0NU1CN995358,Goldenrod,22617.73
156,Buick,LeSabre,2001,1G6DG1E37E0389011,Goldenrod,29424.26
157,Toyota,T100,1996,WBALW3C5XEC867963,Khaki,13394.90
158,Ford,Country,1967,1G4HP54K01U599804,Khaki,19084.01
159,Infiniti,QX56,2012,WAUNG94F39N216507,Violet,21687.66
160,Suzuki,Esteem,2002,WAUDH74F98N849587,Green,7664.29
161,Ford,Aspire,1997,1G6AF5SX1E0462829,Maroon,21518.60
162,Chevrolet,Suburban 2500,2004,1D4PT2GK6BW515371,Turquoise,16102.90
163,Buick,LeSabre,1986,19VDE1F54DE974582,Orange,6845.91
164,Chevrolet,Suburban 1500,2002,WA1LFAFP2EA911092,Pink,4386.66
165,Chevrolet,Corvette,2002,1HGCP2E45AA705406,Fuscia,21374.26
166,Volkswagen,Passat,1991,1N6AD0CU5DN013050,Orange,28591.65
167,Ford,Model T,1909,1G6DP577770046337,Indigo,9933.11
168,Infiniti,G,2003,2T1BURHE0FC763698,Orange,26554.06
169,BMW,X6,2008,3VWKP7AJ2EM103426,Violet,17060.80
170,Volvo,XC70,2009,4T1BD1EBXDU317906,Green,20000.57
171,Hyundai,Scoupe,1993,WAUFFAFL0FN844340,Violet,16649.07
172,Mitsubishi,Pajero,2001,KNDPB3AC0E7444111,Red,29287.48
173,Toyota,Tundra,2000,WAUPL58E25A634024,Puce,4481.98
174,Suzuki,Forenza,2008,1FTEX1C81AF922510,Orange,25125.56
175,Ford,E-Series,1985,1YVHZ8BH7D5752114,Pink,16049.53
176,Suzuki,Esteem,2001,WAUML44D13N743638,Aquamarine,20313.73
177,GMC,Sonoma,1994,WBA3C1C59FP482806,Green,7983.02
178,Bentley,Continental,2008,WAULFAFR0AA044404,Indigo,14223.59
179,Saab,9-5,2003,5J8TB1H29AA819685,Mauv,28151.15
180,Lincoln,Blackwood,2002,WA1TFAFL0EA863301,Goldenrod,4439.12
181,Pontiac,Firefly,1989,WBAUP73599V508588,Purple,6509.88
182,Mercury,Mountaineer,2005,WBAWC33559P772635,Goldenrod,11236.99
183,GMC,Sonoma,1992,JTDZN3EU3E3047891,Yellow,29986.08
184,Buick,Riviera,1985,SCFEBBDL0EG413861,Purple,8714.69
185,Ford,Fusion,2006,WAUGVAFR7CA806621,Goldenrod,22719.21
186,Land Rover,LR3,2007,1N6AD0CU9BC926631,Puce,29621.64
187,Chevrolet,Cavalier,1993,JN1CV6FE3EM265423,Orange,7185.78
188,Buick,LeSabre,1992,SCBDR3ZA6AC819733,Indigo,9893.42
189,Honda,Accord,2007,5FNRL5H23BB705901,Puce,21739.71
190,Oldsmobile,Bravada,2004,3D4PH6FG0BT215157,Teal,9222.36
191,Ford,E350,2009,5J6TF3H50FL355233,Crimson,6416.46
192,Austin,Mini Cooper S,1963,1C4RDJDG6FC550321,Maroon,15633.55
193,Mercury,Tracer,1996,WA1LGAFE8DD157379,Maroon,13817.66
194,Toyota,4Runner,1995,WAUKH78EX8A806831,Red,21073.24
195,Geo,Prizm,1993,SCBDC4BL0AC217820,Aquamarine,4690.78
196,Saab,9-5,2000,WBAHN83507D748516,Red,23107.34
197,Dodge,Caravan,2005,1C4RDHDG2CC915520,Turquoise,9881.44
198,Maserati,Quattroporte,1984,KNDMB5C15F6611290,Orange,16019.67
199,GMC,Savana 2500,2010,5UXFA53593L916348,Orange,24976.86
200,Ford,Thunderbird,1996,WVGAV7AX3CW673422,Red,16505.84
201,Chrysler,Cirrus,1996,1FMJK1H5XBE879820,Blue,7032.99
202,Infiniti,QX56,2011,1GYUCFEJ1AR268902,Crimson,20808.95
203,Oldsmobile,Aurora,1995,3TMJU4GN6BM465397,Purple,11560.53
204,Chrysler,Town & Country,1999,WDDGF4HB6DF237644,Violet,8720.87
205,Ford,Escort ZX2,2003,WAUWFAFL2AA702216,Yellow,11962.75
206,GMC,Yukon XL 1500,2006,YV4902DZ5E2653847,Violet,6740.40
207,Volvo,V70,2003,2HNYD18804H413037,Teal,15179.82
208,Toyota,Tacoma Xtra,1999,KNDJT2A1XB7201140,Turquoise,25649.98
209,Volkswagen,CC,2011,KL4CJDSB3DB020697,Purple,6133.87
210,Chevrolet,Camaro,1996,JM1NC2EF5A0347749,Maroon,11995.40
211,Toyota,Tacoma,2009,WBAAZ33485K388534,Khaki,11830.65
212,Ford,Escort,1997,WAUDF78E46A100353,Purple,26194.45
213,Hyundai,Elantra,2008,1FMJK1F58DE728478,Fuscia,14458.65
214,Chevrolet,Venture,2001,1G6DS5EV1A0396991,Puce,15511.00
215,Scion,xD,2012,1HGCP2E74CA565085,Blue,23514.52
216,Audi,V8,1990,WAURFAFR3BA421383,Indigo,16108.94
217,Chevrolet,Silverado 1500,2002,1GT01ZCG6CF648003,Green,12588.60
218,Volkswagen,GTI,2006,WBADT43491G927003,Fuscia,12580.88
219,Toyota,Camry,2009,KMHHU6KJ5FU597479,Yellow,8652.65
220,Honda,S2000,2008,2T1BURHE7EC742037,Indigo,19509.39
221,Oldsmobile,Aurora,1995,WBAFV3C51ED762738,Orange,29559.31
222,Lexus,IS,2007,TRUWT28N321430847,Turquoise,15046.25
223,Jaguar,XJ,2007,3VWKX8AJ6BM132204,Crimson,16224.39
224,GMC,Yukon,1999,WAUSF78E47A005431,Indigo,10878.57
225,Ford,Laser,1986,5FNYF3H22AB233034,Fuscia,22757.21
226,Chevrolet,Silverado 2500,2005,3VW507AT7FM280459,Fuscia,23065.75
227,Ford,Explorer Sport Trac,2008,5NPDH4AE4BH126413,Yellow,5222.46
228,Scion,tC,2008,2GKALMEKXF6201924,Orange,28515.98
229,Mazda,Millenia,1999,WBALL5C51EP375285,Orange,8126.48
230,Pontiac,GTO,1973,WAUNF68P76A341033,Orange,7274.79
231,Mercedes-Benz,SL-Class,2002,19XFB2E5XEE610295,Blue,13226.01
232,Suzuki,XL-7,2001,KNADM4A33C6220754,Fuscia,28852.26
233,Acura,Legend,1994,1GYS4HEF8ER618107,Pink,22885.78
234,Chrysler,LeBaron,1993,SAJWA0FA4AH181616,Violet,23169.42
235,Ford,Freestar,2006,WA1WYBFE7AD232729,Teal,4413.59
236,Mercury,Marauder,2004,WAUDF78E36A714987,Red,20840.26
237,Dodge,Colt,1993,JTHBC1KSXA5224707,Aquamarine,28901.26
238,Subaru,Legacy,1997,JH4DC53002C316418,Goldenrod,28722.18
239,Mazda,626,1995,2B3CK5CT3AH092486,Orange,19504.21
240,Kia,Sorento,2006,1G6DA67V090716920,Teal,23257.84
241,Mercury,Tracer,1993,WA1TFAFL1EA408201,Fuscia,21027.56
242,Audi,S4,2007,JTEBU5JR8E5158650,Yellow,15557.21
243,Kia,Amanti,2004,JN1BY1AR0EM745533,Blue,21027.32
244,Kia,Spectra,2003,WA1VMBFP6EA270355,Maroon,16429.79
245,Honda,Accord,1990,1N6AF0KX8EN822243,Teal,19820.13
246,Kia,Rio,2005,5NPDH4AEXCH862984,Violet,6653.92
247,Chevrolet,Monte Carlo,2003,WBASP4C56BC830564,Indigo,9476.15
248,Mazda,B-Series Plus,1999,WAU4GBFB3BN722857,Mauv,11562.33
249,Chevrolet,Corvette,1985,WAUVC58E44A387840,Crimson,21635.89
250,Mazda,Miata MX-5,2008,SCBLF34F12C811824,Blue,15017.94
251,Volkswagen,Cabriolet,2002,3C4PDDBG3FT201892,Crimson,29628.22
252,Saab,9-5,2002,5GALRCED4AJ693927,Violet,22211.68
253,Maserati,Quattroporte,2012,WDDHF5KB6FB084096,Puce,16827.76
254,Cadillac,CTS,2011,1FTMF1CW7AK237819,Fuscia,11592.08
255,Lamborghini,Gallardo,2004,KMHEC4A49DA070498,Fuscia,27008.46
256,Ford,Tempo,1991,3C6JD7BP0CG889269,Red,25262.04
257,Kia,Rio,2013,KMHHT6KJ3FU814336,Maroon,25353.66
258,Toyota,Camry,1993,SALFR2BN6CH790665,Orange,25808.23
259,Dodge,Durango,2009,1N6AD0CUXEN427930,Turquoise,17719.46
260,Mazda,B-Series,1989,WBANB33544B999447,Indigo,6332.97
261,Audi,S6,2009,2HKRM3H38FH591556,Goldenrod,10210.34
262,Lotus,Esprit,1998,WAUML54D21N170526,Violet,22832.12
263,Volkswagen,GTI,1988,WVGAV3AXXEW876822,Goldenrod,13952.13
264,Chevrolet,1500,1997,1N6AF0KY4FN191372,Fuscia,13816.11
265,Ford,Thunderbird,1991,WAUAH74F78N269239,Pink,28866.66
266,BMW,X6,2012,1N6AD0CUXFN242682,Khaki,11944.14
267,Pontiac,Grand Prix,1979,137ZA83331E331011,Mauv,13481.54
268,Shelby,GT350,1969,3VW517AT4FM788045,Mauv,24854.77
269,Audi,A5,2011,1N4AL2AP0BC063514,Purple,20296.71
270,Ford,Explorer Sport Trac,2010,JH4CU25679C646141,Indigo,5550.94
271,Ford,Taurus,1993,1C4RDJDG0DC257558,Pink,11188.18
272,Audi,Cabriolet,1997,WBSPM9C58BE656380,Red,29154.65
273,Pontiac,G8,2009,TRUDD38J491959841,Violet,10851.20
274,BMW,X5,2006,KMHHT6KD7DU851381,Purple,10625.68
275,Land Rover,Range Rover,1991,WBA3B9C58FF667937,Maroon,5621.82
276,Volkswagen,Eurovan,2003,YV4952CF0B1612424,Pink,27260.40
277,Ford,Festiva,1991,WBA3N9C59EF062282,Violet,6482.49
278,Ford,Probe,1994,SCBBP9ZA0DC519657,Puce,10558.09
279,Toyota,T100 Xtra,1996,WDCGG0EB9EG230617,Puce,19712.11
280,Chevrolet,Beretta,1996,WBAKA83509C706941,Mauv,25315.47
281,Chrysler,Grand Voyager,2000,JN1CV6AP5AM420329,Blue,10612.71
282,Volvo,S60,2004,WAURV78T19A132110,Turquoise,27311.21
283,BMW,7 Series,1999,WP0AA2A97ES720076,Goldenrod,27840.00
284,Pontiac,Trans Sport,1990,1GYFC23299R785177,Teal,20453.40
285,Audi,Allroad,2005,5J8TB1H53CA456653,Blue,27414.62
286,Hyundai,Elantra,1996,KNAFU6A22B5718623,Aquamarine,5424.75
287,Lexus,ES,1995,WUARL48H24K050847,Blue,8260.50
288,Audi,4000s,1986,1FTSW2B57AE849765,Orange,21438.46
289,Audi,Allroad,2001,JN8AS5MT7CW588565,Goldenrod,18855.45
290,Buick,Century,1999,1C3CDFAA9FD373099,Khaki,26347.60
291,Mercury,Monterey,2006,1GKS1EEF7BR959723,Crimson,4257.74
292,Isuzu,Rodeo,1996,WAUWFAFR9DA865843,Orange,29704.42
293,Mitsubishi,L300,1989,WAUVC68E33A261540,Puce,24691.02
294,Bentley,Continental Super,2012,5N1AT2MLXFC750486,Purple,25179.47
295,BMW,5 Series,2007,WAUDGBFL0DA309281,Turquoise,16048.75
296,Lexus,IS,2006,3C63D3DL2CG654187,Turquoise,13584.59
297,Jeep,Wrangler,2003,SAJWA8JH1EM627995,Puce,27841.28
298,Chrysler,Town & Country,1992,2T1BURHE0FC398908,Crimson,5717.10
299,Toyota,4Runner,2011,1C3BC7EG7BN228909,Maroon,16650.57
300,Chrysler,Town & Country,2007,4T3BK3BBXFU261546,Puce,27213.46
301,Mazda,B-Series,2008,1FTEX1CM9DK329261,Crimson,6706.57
302,Acura,Integra,1997,1G6DC8E5XC0875640,Turquoise,29110.22
303,Ford,F-Series,1993,WBA3B3G59EN069996,Turquoise,5470.87
304,Mercury,Villager,1993,1LNHL9DK1FG336522,Aquamarine,14235.15
305,Volkswagen,Rabbit,2006,2C3CDXCT2EH626978,Blue,27965.50
306,Acura,TL,1999,WA1LFBFPXEA870345,Red,11840.53
307,Audi,A8,2007,WBA6A0C57FG397783,Maroon,29334.45
308,Cadillac,CTS,2003,WAUHE98P39A658183,Goldenrod,10976.53
309,Ford,Mustang,1985,1G6KH5EY8AU621691,Fuscia,8092.11
310,Chrysler,Sebring,2005,2G61S5S36E9286472,Blue,16776.33
311,Toyota,FJ Cruiser,2012,KNADH4A35A6726121,Orange,24533.86
312,Buick,Lucerne,2006,4JGBF2FE7AA989556,Mauv,13777.21
313,Mitsubishi,Mirage,1997,JN1CV6EL4EM699379,Mauv,6376.50
314,Buick,Riviera,1993,WDDHH8JB4FB876583,Puce,16754.68
315,Audi,riolet,1998,JN1CV6AP0AM688723,Pink,6029.79
316,Mercedes-Benz,E-Class,2004,JM3TB2BA7E0503712,Puce,9183.70
317,Ford,F-Series,2008,3C4PDCAB7CT470876,Indigo,27504.69
318,Mitsubishi,Challenger,1998,WBAFR9C56CC927614,Blue,28641.47
319,Volvo,XC70,2005,1YVHZ8BH1B5212108,Puce,16941.23
320,Dodge,Ram Wagon B350,1993,5UXFE83569L969958,Blue,23202.62
321,Subaru,Legacy,1993,1FMNE1BW9AD830672,Indigo,9983.56
322,Subaru,Tribeca,2008,1FTEX1CV1AF134185,Aquamarine,10872.72
323,Ford,F250,2011,WBAKB83519C002129,Mauv,15406.36
324,Infiniti,G,2012,1N6AF0LY7EN432483,Indigo,28405.53
325,Mercury,Cougar,1984,WAUVF98K39A793846,Crimson,12595.35
326,Lexus,LS Hybrid,2012,1G6KD5EY8AU736559,Aquamarine,25589.69
327,GMC,Savana 3500,2006,TRUB3AFK0D1259317,Purple,17358.26
328,Toyota,Corolla,1992,WBADS434X3G011114,Maroon,15548.72
329,GMC,Suburban 1500,1992,1FTSW3A52AE277723,Yellow,4016.39
330,Mercedes-Benz,SLK55 AMG,2009,1D4RD2GG9BC715020,Green,11392.47
331,Dodge,Challenger,2010,YV1612FS5E1888333,Khaki,29143.55
332,GMC,Acadia,2009,JN1CV6EK8EM760224,Maroon,14870.50
333,Nissan,Altima,2013,KNAFT4A21D5482668,Fuscia,19692.55
334,Maybach,57,2007,1FTNF2A58AE994618,Indigo,16883.47
335,Ford,Escort,2004,1G4GJ5G38DF991231,Khaki,7497.76
336,Chevrolet,Silverado 3500,2007,19XFB2F52DE562756,Pink,29010.59
337,Mercedes-Benz,G-Class,2003,1G6DB1ED4B0799980,Aquamarine,25626.97
338,Lexus,RX,2001,5N1AR1NB7BC538878,Purple,10550.26
339,Hyundai,Azera,2009,1GKS1FFJ7BR931669,Yellow,10421.76
340,Daewoo,Leganza,2000,1FTEW1C87AF426064,Puce,5492.45
341,Ford,Focus,2012,1G4HP54K354168461,Aquamarine,4129.51
342,Cadillac,CTS,2007,1C3BCBFG1EN512221,Khaki,16349.34
343,Chevrolet,Sportvan G30,1993,3VW517AT7FM243134,Purple,27835.87
344,Ford,LTD Crown Victoria,1989,JTJHY7AX1B4852317,Yellow,5995.18
345,Saab,9000,1986,KNDMG4C75C6462178,Violet,23956.88
346,Suzuki,Esteem,1996,1FTEW1CM2EK438343,Green,22005.15
347,Pontiac,Grand Prix,1964,1LNHL9DK5EG465118,Goldenrod,8356.14
348,Chevrolet,G-Series 2500,1996,WBAWB33587P931924,Purple,15209.06
349,Land Rover,Discovery,2010,WBXPA73464W104548,Mauv,15300.01
350,Volvo,XC70,2010,1D4SD6GT2BC852435,Fuscia,26405.07
351,Volkswagen,GTI,2010,5TFBM5F11AX274830,Blue,6566.79
352,Subaru,Tribeca,2006,YV1902AH9D1470383,Khaki,25262.45
353,Mercedes-Benz,SLR McLaren,2007,2V4RW3D18AR882980,Crimson,5623.90
354,Saab,9-3,2004,WAULT68E02A094432,Blue,29736.67
355,Chevrolet,Corvette,1958,1FTFW1E82AK007743,Aquamarine,27639.09
356,Hyundai,Accent,2009,JN1BJ0HP9EM207786,Green,26109.36
357,Dodge,Stratus,2006,5TDBY5G10ES155262,Indigo,9334.47
358,Chevrolet,G-Series 3500,1997,3C3CFFCR5CT085289,Maroon,5939.47
359,Jeep,Patriot,2012,5UXKU6C58F0609318,Turquoise,23316.26
360,Mitsubishi,Montero,1997,19UUA8F73DA864298,Yellow,21485.60
361,GMC,Sierra,2011,1D4PT5GK4BW221517,Purple,26321.15
362,Oldsmobile,Bravada,1992,YV4952CFXE1959022,Puce,9750.14
363,Subaru,Justy,1987,1GT3C0BG9AF335951,Orange,24038.49
364,Renault,Alliance,1983,JTDKN3DP6F3736242,Puce,7848.03
365,Kia,Sedona,2003,1G6DJ5EV1A0520874,Khaki,16629.23
366,Chevrolet,Corvette,1965,5GADV23L65D474797,Red,18312.25
367,Suzuki,Reno,2006,YV4902DZ7B2723361,Aquamarine,6420.30
368,Chrysler,LHS,2001,WAUAF78EX8A710053,Violet,14060.06
369,Buick,LaCrosse,2005,5TFAW5F12EX768156,Fuscia,5205.99
370,Volkswagen,Cabriolet,1997,WP0AA2A92ES544571,Purple,25892.59
371,Mitsubishi,Montero,1994,2HNYD18852H205703,Blue,19192.60
372,Mitsubishi,Lancer Evolution,2006,1LNHL9DK8EG742232,Indigo,14538.25
373,Toyota,Xtra,1993,WBABS33403P605552,Maroon,22943.11
374,Kia,Amanti,2007,WA1EFCFS9FR758948,Mauv,28081.95
375,Hummer,H1,2003,1G4GE5E34CF483327,Puce,17379.51
376,BMW,M Roadster,2008,WAUMV94E19N059567,Pink,6723.75
377,Pontiac,Bonneville,1999,5UMCL93402L535964,Fuscia,26614.08
378,Plymouth,Voyager,1996,JM3KE2BE8F0612705,Crimson,12875.67
379,Mercury,Topaz,1993,5NPET4AC9AH462266,Green,19321.79
380,Ford,Crown Victoria,2008,4JGDF2EE6FA334225,Puce,16752.90
381,Bentley,Continental Flying Spur,2008,1D7RE3GK3BS784592,Crimson,23646.47
382,Lotus,Esprit,1988,4USDU53507L362147,Blue,22737.10
383,Pontiac,GTO,2006,SCFFDCCD8CG789039,Indigo,13110.49
384,Pontiac,Grand Prix,2008,3TMJU4GN9AM929992,Purple,5384.81
385,Lexus,LS,2002,WBASP4C52BC625517,Turquoise,26454.99
386,Toyota,Venza,2010,5NMSG3AB4AH670528,Yellow,25242.91
387,Ford,Flex,2012,WA1CGBFEXBD012637,Puce,26760.52
388,Ford,Thunderbird,1997,WAUR2AFD1EN204637,Maroon,28326.82
389,Lincoln,MKS,2010,WA1CMAFE2ED903903,Purple,9546.38
390,Toyota,Celica,1996,2G4WB52K131116926,Purple,17706.05
391,Acura,SLX,1998,YV1672MK9B2361340,Teal,6967.71
392,Pontiac,Grand Am,2001,WBSKG9C54BE105493,Purple,5472.88
393,Mitsubishi,Lancer Evolution,2006,KMHTC6AD2DU975506,Puce,18902.34
394,Volkswagen,Fox,1987,SCFAD01A17G475398,Indigo,17952.39
395,Kia,Sorento,2012,5GADV23167D137936,Red,5742.33
396,BMW,530,2005,WBASP2C56DC619145,Yellow,28666.33
397,Cadillac,DeVille,1995,WVGAV7AX5CW258781,Khaki,26484.10
398,Audi,S8,2001,1FBNE3BL1ED322552,Goldenrod,17979.39
399,Honda,Civic,2003,WBANA73525B854046,Crimson,13431.50
400,Pontiac,Grand Prix,1998,3GYFNGE39FS583493,Yellow,26588.97
401,Land Rover,Range Rover,1999,SCBZB25E42C837243,Orange,10774.41
402,Volkswagen,Golf,2002,5GAKRBKD9FJ038745,Purple,19260.66
403,Lincoln,Mark VIII,1994,5FPYK1F56EB757037,Puce,23170.27
404,Kia,Rio,2012,WAUBVAFB6BN671409,Khaki,14421.82
405,Eagle,Talon,1996,SCFEBBBK4BG783944,Blue,17435.46
406,Audi,S6,2010,WBA3V7C52FP602989,Green,25466.21
407,Mazda,CX-5,2013,3D7LP2ET8AG411415,Orange,8931.31
408,Honda,Ridgeline,2009,1G6KE57Y61U017739,Green,6451.15
409,Dodge,Ram Van B250,1992,1GYS4GEFXDR984661,Blue,27371.24
410,Audi,A8,2008,JTDZN3EU0FJ296954,Khaki,23832.81
411,Lexus,LX,2009,WDDEJ7EB1DA559164,Goldenrod,10119.83
412,Chrysler,Sebring,1997,1N6AD0CU7EN412446,Crimson,8433.49
413,Mercedes-Benz,CL-Class,1998,WAUKD78P69A957891,Indigo,17565.91
414,Ford,E-Series,2001,1G6DH5EG6A0756076,Khaki,7805.03
415,Plymouth,Voyager,1999,3VWPG3AG0AM905793,Blue,11049.77
416,Tesla,Roadster,2010,1C4NJPBA5FD862293,Purple,13171.75
417,Infiniti,Q,1996,1G6AB5SX1D0016559,Green,4568.03
418,Hyundai,Sonata,2004,3D7JV1EP6BG083763,Green,23250.24
419,Mazda,MX-5,1995,WAUVT54B73N100221,Mauv,25776.26
420,Toyota,Camry Solara,2006,1D7RW3GK7AS866045,Teal,20899.04
421,Kia,Sportage,2001,2FMDK4AC7AB604388,Aquamarine,13624.93
422,Mercury,Cougar,1993,WP0CA2A81BS764246,Violet,23118.33
423,Volkswagen,Golf,1997,3VW517AT9EM505430,Yellow,17772.19
424,GMC,Yukon XL 2500,2009,1N6AA0CA9CN204550,Orange,28388.08
425,Mitsubishi,Galant,1985,3VW4A7AT5DM490676,Goldenrod,4004.71
426,Chevrolet,Corvette,2010,WBAUN7C53CV281220,Khaki,26288.17
427,Toyota,Land Cruiser,1998,2T1BU4EE9DC648070,Violet,20378.56
428,Volkswagen,Passat,1991,SCFFDCBD9BG731764,Orange,12546.12
429,Dodge,Stratus,2004,1G6KD57YX7U056538,Orange,8336.04
430,Pontiac,Bonneville,1994,WAUDFAFLXDN204625,Puce,5272.09
431,Mitsubishi,Challenger,2002,2C3CCACG5CH474811,Goldenrod,7818.08
432,Cadillac,Eldorado,2000,1FAHP3FN4AW163256,Maroon,14049.82
433,Buick,LaCrosse,2008,3GTU2YEJ9CG468398,Yellow,15600.10
434,Hyundai,Accent,2005,WAUDFAFL2BN459847,Khaki,4149.24
435,Chevrolet,Suburban 2500,1999,19XFA1E58AE105945,Teal,25684.03
436,Chevrolet,Malibu,2006,2HNYD18852H224624,Crimson,9593.86
437,Lamborghini,Countach,1989,3VW1K7AJ4CM185733,Maroon,12000.43
438,Chevrolet,Blazer,2002,1G6KD57Y15U231983,Violet,22704.06
439,Buick,Roadmaster,1993,1N6AA0CA0AN471198,Khaki,14640.41
440,Honda,del Sol,1996,3CZRE3H37BG076901,Turquoise,20285.04
441,Mazda,Miata MX-5,1994,4F2CY0C70BK102341,Violet,23739.87
442,Ford,Bronco,1985,KMHTC6AD2EU965463,Indigo,10119.77
443,Dodge,Dakota Club,2002,1FTWF3B5XAE490581,Green,17480.88
444,Mazda,Protege,1997,WBANN73517B098149,Red,4420.42
445,Buick,Riviera,1988,WAUGFBFC7EN052680,Khaki,14068.98
446,Dodge,Viper,2009,WVWEU9ANXAE575297,Fuscia,18683.08
447,Mazda,Miata MX-5,2002,1G6AX5SX2F0212160,Yellow,10323.69
448,Ford,Thunderbird,1955,WP0CA2A8XEK281262,Turquoise,20391.35
449,Porsche,944,1985,5UXZW0C57CL917287,Puce,17020.92
450,Toyota,Camry,2002,WBSWD9C50AP622786,Teal,16427.13
451,Hyundai,Entourage,2008,WAUEH54BX1N556373,Orange,11199.15
452,Ford,Escort,1997,5UXZV4C50DL721946,Indigo,25207.81
453,Chevrolet,Corvette,1955,KM8JT3AB6DU309852,Indigo,14436.32
454,Dodge,Ram 3500,2009,JM1CW2BL8C0745808,Violet,14117.62
455,Volkswagen,New Beetle,2005,JN8AZ2KR7DT500358,Mauv,9009.19
456,BMW,M3,1997,5TDDCRFH1ES600251,Blue,11702.12
457,Dodge,Caliber,2007,KNDMG4C75C6489610,Mauv,12706.30
458,Ford,Ranger,2000,WBA3B9C51FP672701,Orange,25107.22
459,Infiniti,G25,2012,KNDMG4C3XA6062112,Purple,23835.81
460,Ford,F-Series Super Duty,2008,3C4PDDEG4FT848216,Puce,22768.48
461,Scion,xB,2008,JH4KA96591C125171,Purple,10097.67
462,Toyota,Venza,2012,TRUSC28N521399907,Orange,24235.74
463,Dodge,Dynasty,1993,1C4AJWAG3EL959754,Green,20218.78
464,Chevrolet,Express 1500,1996,3VW517AT0EM800786,Mauv,28434.87
465,Mitsubishi,Starion,1985,3C3CFFBR2DT736719,Red,14143.87
466,Subaru,Justy,1994,1G6DM5E34D0482714,Teal,12473.49
467,Dodge,Magnum,2007,JTDKTUD3XED635075,Fuscia,19912.78
468,Kia,Carens,2008,JHMZF1D47CS301123,Goldenrod,24875.40
469,BMW,6 Series,1989,WAUHFAFL5FN438367,Puce,4766.26
470,Suzuki,Grand Vitara,1999,WDDUG7JB6EA865553,Fuscia,20668.40
471,Chevrolet,Prizm,1998,JTHDU1EF3E5006456,Puce,11081.11
472,GMC,Savana Cargo Van,2006,1GD312CG8BF553019,Mauv,11506.27
473,Jeep,Cherokee,1994,1N6AD0CU7DN986866,Mauv,28030.93
474,Audi,Q5,2009,JH4CL96907C361749,Puce,5150.67
475,Chevrolet,Suburban 1500,1993,5XYKT3A12BG229415,Goldenrod,23174.66
476,Dodge,Caliber,2011,WBALL5C55DE382301,Indigo,5414.43
477,Dodge,Ram 2500,2001,4A31K5DF1CE657274,Aquamarine,9774.85
478,Lexus,LS,2009,WVWDB7AJ7EW375433,Orange,26380.23
479,Cadillac,CTS-V,2011,JHMZF1D45CS970524,Green,8649.51
480,Saab,9-5,1999,WBAUP9C57DV891533,Khaki,27410.00
481,Acura,NSX,2001,5TDBCRFH8FS349060,Crimson,14747.43
482,Suzuki,Swift,1988,WAUHF78P38A361088,Mauv,14030.66
483,Chevrolet,Silverado 3500,2001,5N1AN0NW2DN538884,Violet,5571.73
484,Mazda,Mazda6,2011,WAUMFBFL1BN268006,Crimson,10825.25
485,Volkswagen,Eurovan,1992,WAUGFBFC5EN998650,Blue,12719.58
486,Nissan,Frontier,2000,WP0CA2A87FS155281,Goldenrod,23727.72
487,Mitsubishi,Mirage,1988,3D7TT2CT9AG489362,Purple,10170.94
488,Toyota,FJ Cruiser,2009,JN1AZ4FH0FM125700,Purple,7100.86
489,Porsche,911,2004,WBAYA8C55FG180627,Maroon,9308.67
490,Mercedes-Benz,S-Class,2002,WBA3A9C51CF411203,Goldenrod,21649.86
491,Pontiac,Parisienne,1984,WUAPV64B53N389694,Orange,8585.87
492,Mitsubishi,Mirage,1985,2T1BPRHE3EC342550,Maroon,13857.01
493,Subaru,Legacy,2003,SCBLC47J09C713005,Yellow,18111.75
494,Chevrolet,Blazer,2003,1J4NF1GB2AD512140,Indigo,28074.39
495,Jaguar,XK Series,1997,WBA3A5G5XDN279665,Fuscia,28263.80
496,GMC,Safari,2004,4USBU53596L675784,Yellow,14677.30
497,Volkswagen,Corrado,1991,1GKS1AE09CR806458,Red,12126.32
498,Kia,Sephia,2001,1C4RDJDG7DC910581,Mauv,18998.62
499,Lamborghini,Murciélago,2002,WAUKF98E38A206444,Yellow,22302.91
500,Jeep,Wrangler,2002,WA1CM74L19D771758,Indigo,26742.93
501,Maserati,Quattroporte,2005,2C3CK5CV3AH196626,Orange,4990.54
502,Volkswagen,Routan,2009,JM1DE1HY9B0129327,Pink,4233.30
503,Cadillac,XLR-V,2008,2FMPK4J95FB294430,Purple,16586.34
504,Volkswagen,Jetta,2010,3C4PDCAB1DT031982,Puce,11557.63
505,Audi,A3,2006,1G6DE8EG2A0765416,Orange,15894.52
506,Mitsubishi,Mirage,1990,WAUHGAFC1EN216775,Yellow,28858.12
507,Buick,Riviera,1988,1GYS4KEF8DR612688,Pink,23277.06
508,Lincoln,Navigator L,2011,WDDPK4HA0CF049431,Yellow,11632.74
509,Dodge,Dakota,2004,WAUKF78E36A901766,Violet,6044.21
510,Chevrolet,2500,2000,1G6AH5R38E0596055,Pink,29598.25
511,Chevrolet,G-Series G30,1996,JN8AZ2KR1AT878011,Red,23284.63
512,Mercury,Villager,1993,JTHBP5C29B5797223,Teal,4132.17
513,Ford,F350,2007,1GKS1HE05DR431498,Puce,20790.53
514,Dodge,Caravan,2000,1GT3CZBG8AF777351,Indigo,15152.65
515,GMC,Yukon,2003,SCBLE47K49C195533,Mauv,11428.36
516,Ford,Courier,1989,WBANU53539C035574,Maroon,16742.64
517,Dodge,Viper,2009,1GYS3AEF1DR559362,Maroon,24797.54
518,Mitsubishi,Truck,1992,3VW1K7AJ6EM763575,Red,16156.20
519,GMC,1500,1993,YV1672MS7B2097373,Puce,22859.75
520,Ford,Crown Victoria,2006,WAUFFBFL4BN852912,Fuscia,6566.87
521,Ford,F350,2012,1N6AF0LY6EN146379,Orange,5654.01
522,Mitsubishi,L300,1990,WBAUC73518V171442,Red,15878.15
523,Ford,Thunderbird,1972,SCBZK25E32C073014,Mauv,6411.79
524,Dodge,Dakota,2009,WAUEH78E08A067000,Indigo,25541.48
525,Saturn,VUE,2007,WAUMFAFHXFN525711,Fuscia,11916.65
526,Acura,NSX,2001,1C4NJPBA9CD362648,Goldenrod,17830.64
527,Ford,Expedition EL,2007,1HGCR2E77EA836282,Green,10120.86
528,Ford,Focus,2004,WAUDGBFLXAA126725,Indigo,23960.61
529,Audi,100,1989,JA4AD2A39EZ904231,Yellow,20810.39
530,Land Rover,Range Rover,2008,WP0AA2A93CS532023,Teal,10668.86
531,Jeep,Wrangler,2004,KMHTC6ADXFU171795,Goldenrod,6670.21
532,Chevrolet,1500,1994,WBABN33442P519439,Green,27956.52
533,Oldsmobile,98,1992,KNDPB3A28D7011934,Pink,25226.26
534,Alfa Romeo,164,1995,SCFEBBACXAG179016,Aquamarine,12093.05
535,Suzuki,Swift,1990,WVGAV7AX0CW579059,Orange,8299.70
536,Saab,900,1988,1G4GA5ER1DF722981,Goldenrod,21900.32
537,Chevrolet,Citation,1980,1FTMF1EW8AK487714,Mauv,27212.04
538,Mercury,Mountaineer,1997,JH4CU4F60DC441859,Crimson,26671.75
539,GMC,Suburban 1500,1998,WUAGNAFG7CN379258,Fuscia,4817.78
540,Chrysler,Sebring,2003,JN1CV6EK1EM416072,Fuscia,12602.75
541,Lexus,LX,1999,WAUJC68EX5A986120,Green,25442.82
542,Lincoln,Continental,1986,1FADP5AU9FL188347,Pink,15162.85
543,Dodge,Ram 2500,1997,WBAVM1C54FV308532,Mauv,22787.91
544,Pontiac,6000,1989,3D73Y4CL7BG860324,Yellow,16811.79
545,Mercedes-Benz,CL-Class,2001,WA1CV74L59D838388,Violet,25076.28
546,Cadillac,Escalade ESV,2010,3C63DPJL8CG635736,Purple,22738.69
547,Ford,F250,2006,1G4PT5SVXF4317177,Fuscia,23795.04
548,Mazda,Mazda6,2006,SAJWA4DC6BM445066,Teal,5903.29
549,Chrysler,Sebring,2005,1FTWF3C53AE639640,Turquoise,14275.62
550,Suzuki,Vitara,2001,WDDLJ7GB5FA155033,Maroon,15272.24
551,Chevrolet,Silverado 2500,2002,WBAWV53529P568543,Puce,4457.19
552,Volkswagen,Fox,1988,WAUBH78E67A898969,Fuscia,8998.54
553,Bentley,Continental GTC,2010,1GYEC63838R586468,Yellow,8459.06
554,Volvo,S40,2008,1GYS3BKJ3FR546808,Red,28813.11
555,Mazda,MX-5,1995,2FMDK4GC2AB861174,Blue,4380.52
556,Mitsubishi,GTO,1993,SCBDC47L79C344021,Khaki,5133.65
557,Mercury,Grand Marquis,2007,4USBT53544L547579,Maroon,21082.30
558,Plymouth,Voyager,1999,5J8TB4H54GL630578,Yellow,11433.44
559,Audi,S4,2009,WP0AB2A86CS969700,Fuscia,7868.40
560,Suzuki,Reno,2005,WAUBFCFL7CA292395,Khaki,27602.16
561,GMC,Sierra 1500,2005,5NPET4ACXAH778291,Goldenrod,17748.49
562,Land Rover,Range Rover Sport,2012,JH4NA12652T883667,Goldenrod,25072.00
563,Buick,Century,1987,WBABV13454J841565,Blue,23578.13
564,Oldsmobile,Silhouette,2000,1ZVBP8AMXC5716946,Crimson,29640.74
565,Chevrolet,Suburban 1500,2008,WAUVT58E12A112925,Indigo,6466.96
566,BMW,X3,2006,1G4HR54K11U808123,Indigo,21396.95
567,Acura,Legend,1987,WAUDF78E18A833611,Maroon,23748.27
568,Chevrolet,Silverado 3500,2002,WAUGGBFC9DN025539,Khaki,18350.34
569,Mercedes-Benz,C-Class,2004,1FTSF3A5XAE014606,Crimson,7322.96
570,Pontiac,Firebird,1968,1GYS3CEF7ER517694,Maroon,17522.44
571,Chevrolet,Silverado,2009,5TFAW5F10EX456630,Indigo,25482.33
572,Toyota,Land Cruiser,2004,WA1DGBFE6DD160081,Purple,25122.73
573,Maserati,Quattroporte,2012,1G6DG1E36E0090285,Red,10284.89
574,Honda,Accord,2002,1FMJK1H53DE636501,Puce,14408.53
575,Honda,Fit,2009,5LMJJ3H59AE168400,Red,25147.48
576,Saab,900,1992,SCBDR33W38C704604,Orange,15334.93
577,Bentley,Continental,2006,WAUEH74F16N434684,Purple,18444.54
578,Volvo,V40,2001,JTEBU4BF6AK504463,Puce,6659.37
579,Land Rover,Discovery,2000,YV140MAKXF1118546,Fuscia,20176.57
580,Mitsubishi,Chariot,1989,2C4RDGEG9DR403769,Blue,7966.83
581,Oldsmobile,Aurora,1997,5J6TF1H35FL060714,Red,8193.95
582,Pontiac,Trans Sport,1991,2HNYD18953H339878,Fuscia,21812.66
583,Chevrolet,Corvette,2001,1FTWW3B57AE378613,Violet,23354.74
584,BMW,Z4,2008,JH4KB16567C138063,Blue,28106.67
585,Ford,Crown Victoria,2004,WBANU53519C321553,Pink,20424.18
586,Nissan,Maxima,1994,1GYUKBEF1AR891895,Crimson,5898.63
587,Pontiac,Grand Prix,2000,WAULK78K99A398268,Blue,28127.98
588,Infiniti,I,2002,1C4NJCBAXED829071,Red,27395.66
589,Mercury,Sable,2001,1GYFK43529R923778,Red,18531.23
590,Bentley,Continental,2008,1G6YV34A745750709,Pink,22284.09
591,Suzuki,SJ 410,1984,SCFHDDAT4EG488540,Turquoise,5482.19
592,BMW,Z3,1997,WAUVT58E45A102037,Green,10700.84
593,Chevrolet,Silverado 3500,2011,1G4GD5GG0AF035683,Orange,26632.07
594,Porsche,911,2004,WAUBF78E77A329778,Puce,18732.47
595,Dodge,Ram Van 1500,1995,WBAKE5C51BE602570,Fuscia,27106.38
596,Eagle,Talon,1993,WAUVT58E63A592199,Mauv,23653.89
597,Oldsmobile,88,1996,WA1YD64B04N040331,Maroon,10892.88
598,Honda,Pilot,2012,WA1LGAFE7CD571638,Mauv,23702.92
599,Mazda,Miata MX-5,2011,1G4GH5G30DF081083,Mauv,10889.66
600,GMC,Savana 2500,2007,2T3BFREV7FW626259,Yellow,15599.95
601,Plymouth,Roadrunner,1969,2B3CA3CV2AH551693,Violet,19277.52
602,Acura,Legend,1994,WAUBT48H45K551333,Aquamarine,4902.26
603,Suzuki,Samurai,1992,2LMDJ6JKXFB942985,Teal,29295.02
604,Chevrolet,Prizm,1999,2C3CDZAG3FH365640,Maroon,24536.34
605,Acura,RL,2005,WBABV13474J984047,Orange,14822.35
606,Dodge,Ram Van 3500,2001,WBAHN83538D835683,Indigo,7029.55
607,Buick,LeSabre,1985,5UXFA13565L358115,Red,27684.07
608,Hyundai,Santa Fe,2008,4USBT53463L631828,Violet,24584.11
609,Ford,Escape,2012,WBAPK7G56BN986348,Crimson,12616.35
610,Audi,R8,2011,WAUMFAFL9DN302481,Purple,22603.98
611,Porsche,Boxster,2012,KNAFU6A27C5419386,Violet,26593.08
612,Ford,E150,1984,1GKS2FEJ2DR815149,Teal,12797.73
613,Suzuki,Grand Vitara,2011,WAU3GAFC9DN959631,Mauv,29176.71
614,Ford,F150,1998,TRURD38J491824848,Red,16102.69
615,Pontiac,Firebird,1985,3GYT4MEF1DG889604,Crimson,29443.69
616,Porsche,911,2011,5N1AR1NB2BC060613,Green,17129.52
617,Mitsubishi,Tredia,1984,WBAKB4C54CC212336,Turquoise,4799.26
618,Subaru,Alcyone SVX,1996,5FNYF3H25AB714394,Indigo,18726.49
619,Toyota,Sienna,2007,JN8AZ1MU7DW561672,Maroon,15899.09
620,Isuzu,Rodeo Sport,2003,5UXZV4C57D0256583,Red,10122.66
621,Mercury,Topaz,1994,WAUGN94F57N562117,Aquamarine,7636.95
622,Oldsmobile,Bravada,2002,3FA6P0PU3FR894279,Red,22513.05
623,BMW,1 Series,2012,1N6AA0CC5AN363208,Red,6818.33
624,Buick,Skylark,1997,WBABN73443P330380,Orange,22079.75
625,Mazda,MPV,1991,SCFAB42333K548386,Aquamarine,7181.47
626,Toyota,Sienna,2011,1G6DC8EG4A0952274,Pink,17753.34
627,Kia,Sedona,2009,WBASN2C5XCC546673,Teal,29685.38
628,Chrysler,LeBaron,1994,5UXFH0C54AL845507,Blue,28634.50
629,Mitsubishi,Chariot,1990,WBAKG1C53CE156748,Khaki,17548.28
630,GMC,Yukon XL 1500,2012,JHMFB4F22CS094412,Blue,25567.11
631,Maserati,Quattroporte,2012,W04GT5GC1B1086462,Crimson,7358.78
632,Honda,Accord,2009,4USDU53467L842104,Red,17829.67
633,BMW,7 Series,1994,2FMDK3GCXAB200700,Turquoise,21697.47
634,Chevrolet,Suburban 2500,2005,WVWAN7AN6EE534266,Teal,13722.44
635,Ford,Mustang,1990,WAULT68E03A728467,Yellow,28148.41
636,BMW,3 Series,2002,1N6AA0CJ3FN651444,Indigo,6584.38
637,Mazda,Protege,1992,3D73Y4EL0BG420992,Indigo,16775.06
638,Pontiac,Grand Prix,1989,3VWKX7AJ6AM678347,Yellow,28057.05
639,Chevrolet,Silverado 2500,2005,1GYS4HEF8DR008934,Teal,12579.69
640,Toyota,FJ Cruiser,2010,1GT01ZCG6EF703391,Khaki,11208.15
641,Isuzu,Amigo,1992,WBAKB4C51CC537199,Khaki,14390.80
642,Honda,del Sol,1994,2B3CJ4DGXBH878768,Puce,9867.28
643,Chevrolet,Caprice Classic,1996,WBXPC93527W956947,Mauv,12772.37
644,Mercury,Monterey,2007,WVWAB7AJ8DW273723,Green,15627.12
645,Chevrolet,S10,1993,1C4PJLAB7EW151273,Green,11726.67
646,Jaguar,X-Type,2008,2FMHK6DC0AB577852,Violet,24821.96
647,Audi,A8,2003,WBAYF4C58ED494654,Turquoise,14907.88
648,Rolls-Royce,Phantom,2009,1FTSX2A5XAE637571,Goldenrod,5861.59
649,Ford,F350,2011,1GYUKKEF5AR888644,Orange,5422.78
650,Buick,Electra,1984,1G4HF5EM0AU336277,Mauv,26943.77
651,Mercedes-Benz,Sprinter 2500,2012,1C4RDHEG9EC708799,Fuscia,12246.01
652,Dodge,Ram Wagon B150,1993,3C6TD5DTXCG327919,Purple,6697.82
653,Chevrolet,S10,2004,WVWED7AJ3CW847171,Red,27324.90
654,Chevrolet,Blazer,2000,WBADN53432G958880,Khaki,29398.11
655,Volkswagen,Passat,1997,1GKKRNED6FJ547451,Puce,12519.18
656,Infiniti,G,2009,1G6DD67V480119422,Blue,13893.31
657,Mazda,323,1992,WBAVM1C57DV048706,Red,7157.13
658,Ford,Courier,1986,3C3CFFARXDT605345,Blue,5664.81
659,Jeep,Wrangler,2011,1FBNE3BL4DD559003,Khaki,25108.99
660,Saab,9-3,2007,YV4952CT2C1045396,Crimson,22878.69
661,Lexus,GS,1994,2T1KE4EE6AC091109,Yellow,28246.92
662,Nissan,Xterra,2000,SCFFDAAE5AG971553,Mauv,19245.21
663,Chevrolet,Silverado 1500,2006,JN8AE2KP1C9778405,Orange,17258.09
664,Ford,F150,2011,19UUA76588A236896,Fuscia,29012.28
665,Kia,Optima,2001,1GKUCGEJ8AR050357,Teal,25606.29
666,Saab,9-4X,2011,WBAVB33516A228193,Orange,21673.77
667,Mercury,Cougar,1970,2C3CCAFJ9DH440363,Goldenrod,5015.62
668,Kia,Optima,2008,2T1BU4EE0DC535415,Turquoise,18698.15
669,Mazda,MX-5,2001,4T1BF1FKXCU477310,Teal,23853.99
670,Kia,Sportage,1995,WAUDGAFL7AA911133,Turquoise,22685.40
671,Dodge,Neon,2005,2B3CJ4DV0AH733915,Red,11228.52
672,Mazda,Miata MX-5,2005,JN8AE2KP4B9837560,Maroon,10395.31
673,Ford,Thunderbird,2006,5TDBKRFH4ES850688,Orange,25853.29
674,Acura,NSX,2005,JTEBU4BFXAK468163,Teal,25018.58
675,Chevrolet,G-Series 2500,1998,JHMFA3F20BS470178,Turquoise,9356.49
676,Dodge,Ramcharger,1992,WAUPL68E95A444369,Khaki,9402.87
677,Kia,Sedona,2006,1G4GC5GC0BF192356,Yellow,5935.52
678,Lincoln,Town Car,2010,WAUEFAFL7EA325268,Crimson,28315.73
679,Lexus,RX,2007,2G4WS52J521307058,Goldenrod,21507.10
680,Ford,E-Series,2002,1FTEW1CW3AF148973,Red,9512.29
681,Chevrolet,3500,1997,1B3CB2HA9AD467557,Mauv,11878.82
682,Mercury,Cougar,1990,JH4NA12625S176147,Khaki,9692.17
683,Land Rover,Discovery,2004,1N6AD0CU8DN992658,Indigo,23592.83
684,Mazda,Protege,2002,WAUJT64B44N960129,Maroon,12026.15
685,Mitsubishi,Eclipse,1994,WBANA53555C661145,Puce,28650.84
686,Nissan,Altima,1997,WAUAH94F97N875426,Mauv,17404.26
687,Lexus,LS,1998,1G4HC5EM8BU099094,Fuscia,17850.96
688,Dodge,Dakota,2011,WAUWGAFC3EN277990,Violet,20894.55
689,Ford,E-Series,2011,1G6AC5S38F0090140,Orange,8371.09
690,Suzuki,Daewoo Magnus,2006,4T1BD1FK1EU412287,Aquamarine,25374.27
691,Lexus,LX,2000,WDDHF8JB3DA997470,Red,29310.53
692,Chrysler,Sebring,2005,WBAYE8C59FD483674,Red,26702.60
693,Mitsubishi,Pajero,1988,WA1CFAFP8FA339706,Turquoise,23901.79
694,Buick,Regal,1994,1G4HF57989U306707,Pink,5763.49
695,GMC,3500,1996,WAUGGBFC6CN754919,Indigo,29593.05
696,Chrysler,Aspen,2007,WBAKE5C50CJ146084,Khaki,4447.80
697,Dodge,D250,1993,WBAFU7C51DD149768,Blue,13652.02
698,Ford,Expedition EL,2007,19UYA42623A005046,Orange,15022.94
699,Mitsubishi,Eclipse,2005,YV1982BW1A1430655,Fuscia,4468.25
700,Saab,900,1984,WBADT43471G583249,Crimson,13480.95
701,Cadillac,Escalade ESV,2009,JTEBU5JR4C5233163,Puce,6291.30
702,Chevrolet,Camaro,1997,WBAWR3C57AP422832,Teal,20854.63
703,Mercedes-Benz,S-Class,2003,WAUVC58E22A173166,Fuscia,15453.46
704,Land Rover,Discovery,2011,SCBCU7ZA2BC866809,Blue,13484.38
705,GMC,2500 Club Coupe,1995,1G6DL5EG5A0041739,Green,16024.11
706,Mazda,B-Series Plus,2004,JN8AE2KP4B9065349,Khaki,23204.61
707,Nissan,Xterra,2011,2T1BPRHE1EC075814,Pink,18871.15
708,Dodge,Ram 1500,2006,WDDHF0EB5FB167257,Green,12825.13
709,Honda,Prelude,2000,5UXFA13544L451410,Red,17470.58
710,Ford,F350,1995,5J6TF1H55FL866750,Pink,25709.81
711,Chevrolet,Silverado 2500,2004,WAUKH78E28A802451,Goldenrod,4047.55
712,Audi,S6,1995,WVGAV7AX8FW597720,Khaki,7580.59
713,Mercedes-Benz,M-Class,2011,WBAEW53474P146454,Puce,9813.60
714,Audi,4000s,1986,WBA3B5G54DN627280,Turquoise,21216.11
715,BMW,X6,2010,19UUB3F76FA220717,Turquoise,12186.55
716,Dodge,Dynasty,1993,WAUCFAFH7DN514187,Purple,4285.27
717,Jaguar,XK,2007,3C4PDCDG6FT289845,Puce,14492.19
718,Ford,Econoline E250,2001,1HGCR6F36EA705931,Indigo,10497.81
719,Honda,Element,2007,WP0AA2A9XCS213038,Purple,22956.13
720,Ford,Edge,2010,WAUDL74F26N011476,Puce,12075.11
721,Infiniti,G,1992,5N1AA0NC1EN210276,Yellow,4239.83
722,Buick,Regal,2012,5N1AA0NC6BN589772,Indigo,29997.07
723,Mazda,Protege,2001,5FPYK1F52EB516513,Indigo,12517.83
724,Toyota,Highlander,2010,3VW517AT2EM902977,Maroon,16172.69
725,Saab,900,1994,1C3CC5FB9AN408841,Goldenrod,10086.68
726,Dodge,Ram 2500,1995,1G4GE5GD5BF814307,Puce,14343.51
727,Chevrolet,Corsica,1995,WDDEJ8GB5AA228473,Violet,19464.16
728,Nissan,370Z,2010,JHMFB4F2XCS670960,Green,23884.72
729,Volkswagen,Golf,2012,19UUA66204A633531,Pink,29820.27
730,Suzuki,Sidekick,1997,SAJWA0F79F8149949,Blue,4612.31
731,Buick,Regal,2001,2T2BC1BA3FC944929,Indigo,21700.02
732,Suzuki,SJ,1986,WAUMR94E78N485279,Crimson,15903.49
733,Isuzu,Trooper,1996,1D7RW3BK3AS212084,Pink,22315.45
734,Audi,S6,2002,JN1BJ0HR2EM858808,Blue,23279.82
735,BMW,7 Series,2012,3C3CFFHHXFT276386,Crimson,27686.22
736,Mercedes-Benz,E-Class,2000,5J8TB3H33FL424031,Aquamarine,8237.49
737,BMW,3 Series,2009,1G6DP5E3XC0669199,Crimson,28898.65
738,Chevrolet,Silverado 1500,2004,WAUEH78E46A400599,Yellow,13781.79
739,Lexus,SC,2007,2B3CA8CT2AH351053,Khaki,15009.72
740,GMC,Savana 2500,2010,WBAWV53549P658390,Crimson,27141.65
741,Ford,Fusion,2007,1N4AL3AP1DC582645,Blue,18414.57
742,Honda,Civic Si,2005,1FTEW1CM8CF455170,Purple,25170.29
743,Ford,Crown Victoria,2000,4A31K2DF9AE019267,Green,13236.23
744,Mitsubishi,Truck,1988,3VW1K7AJ0BM200050,Violet,7944.16
745,Buick,Century,2005,3C4PDCEG6ET786228,Aquamarine,24531.32
746,Porsche,Cayman,2010,1D7RV1GP9AS016923,Khaki,15782.15
747,Mazda,CX-7,2011,1N4AL3AP5DC164010,Yellow,12677.03
748,Hyundai,Genesis Coupe,2011,4USDU53507L916884,Mauv,14336.18
749,Ford,Mustang,2004,2G4WE567651344484,Mauv,11659.80
750,Lexus,IS,2002,WBA5M6C50ED435599,Puce,11229.18
751,Chrysler,300,2011,WAUPL58EX5A335154,Crimson,22171.28
752,GMC,Envoy,2008,SCBBB7ZH3CC176664,Orange,26586.29
753,Ford,Explorer,1998,1FTEX1C88AF861771,Orange,19741.29
754,Dodge,Ram Van 2500,1998,3C4PDCDG4FT842492,Pink,19793.17
755,Chevrolet,Suburban,2009,WBAUP7C56AV973737,Mauv,4530.04
756,Infiniti,QX56,2011,WBSBR93473P695437,Blue,14047.75
757,Chevrolet,Corvette,2011,1FTSW2A50AE222312,Crimson,26840.11
758,Volvo,S40,2004,JA4AP3AU9BZ280433,Aquamarine,14463.18
759,Hyundai,Sonata,1997,WAUDH98E48A071221,Purple,23297.72
760,Honda,Civic,1997,1G6DS5E31C0478415,Purple,16251.65
761,Fiat,Nuova 500,2012,WBADX7C5XBE470150,Khaki,13100.86
762,Pontiac,Bonneville,1993,3GYFNGEY1BS748913,Crimson,22322.40
763,Kia,Spectra,2004,JH4DC53815S123677,Purple,18025.56
764,Land Rover,Range Rover,1991,JM3ER2W39A0843325,Turquoise,9751.96
765,Plymouth,Breeze,1996,3GTU2YEJ4BG826084,Blue,26330.93
766,Porsche,911,2005,WAUGFAFC2DN733421,Pink,25512.35
767,Lexus,LX,2007,JTHBF1D27F5456404,Violet,10152.25
768,Chrysler,Crossfire,2007,1GYFC66878R050607,Green,13369.72
769,Toyota,Matrix,2006,2G4WE567X51000026,Fuscia,25327.46
770,GMC,Savana 3500,2003,5FPYK1F50EB085962,Pink,29099.55
771,Chevrolet,TrailBlazer,2005,1C4RDHDG9EC032484,Mauv,22803.29
772,Subaru,XT,1988,3VW517AT5FM697589,Maroon,9993.56
773,Hummer,H1,1998,SALCR2BG9FH339013,Teal,7065.24
774,Mitsubishi,Precis,1993,WAUDH74F78N595961,Red,22247.27
775,Pontiac,Grand Prix,2004,1G4HF57969U309931,Puce,7467.03
776,Suzuki,Swift,1990,WBAVB13596P638628,Teal,20185.01
777,Mitsubishi,3000GT,1997,4JGBB2FB7BA861028,Blue,7696.01
778,BMW,M3,1999,1HGCR2E30FA016592,Pink,19345.44
779,Pontiac,Grand Prix,1966,WBAVB735X8V974807,Goldenrod,6913.89
780,Nissan,Xterra,2004,5N1BA0ND2FN431996,Khaki,13274.73
781,Mercedes-Benz,SL-Class,1994,JTEBU4BF9DK627212,Turquoise,22942.03
782,Dodge,Ram Wagon B250,1994,5UXFA53582L845092,Violet,24876.90
783,Volkswagen,Cabriolet,1999,1C6RD7GP2CS307094,Turquoise,29309.40
784,Mazda,MX-5,2002,5GTMNGEE4A8994311,Red,18463.64
785,Toyota,Celica,1976,WBASP2C52CC932319,Mauv,19892.24
786,Toyota,Celica,2004,1N6AF0KXXFN077772,Violet,26158.35
787,Dodge,Avenger,2011,1G6DF577180756497,Puce,5582.17
788,BMW,Alpina B7,2008,3D73Y4CL1BG829022,Pink,26040.22
789,Mercedes-Benz,CL-Class,2002,1G6KE54Y52U182560,Crimson,19115.62
790,Volkswagen,CC,2013,SCFFDABE7CG262981,Aquamarine,20761.66
791,Nissan,Titan,2004,WAUJC58E03A914088,Puce,21446.46
792,Mercury,Mystique,1997,3C63DPBL6CG595638,Pink,25300.71
793,Lexus,LS,2002,1N4AB7AP2EN158231,Green,22206.44
794,Mercedes-Benz,CL-Class,2010,1YVHZ8BH4A5225756,Red,14717.68
795,Chevrolet,Corvette,2004,WAU4FAFL8AA111105,Pink,24502.18
796,Lexus,LS,2011,YV1672MK0A2158464,Turquoise,10741.53
797,Pontiac,Parisienne,1986,3C3CFFFH6FT706756,Fuscia,9674.68
798,Honda,Civic,2008,5UXKS4C58F0328677,Orange,26543.53
799,Ford,Explorer Sport Trac,2004,2C3CCADG5EH420457,Crimson,21032.42
800,Audi,Coupe Quattro,1990,SCFEFBBC4AG872506,Pink,16687.90
801,Suzuki,SJ,1988,WBAAX13475P366974,Crimson,24034.43
802,Ford,Bronco,1992,1G6KE57Y31U424272,Blue,11547.90
803,GMC,Sierra,2007,1GYS4SKJ3FR407159,Khaki,15278.70
804,Chevrolet,Colorado,2008,WBAKB4C5XBC729669,Crimson,15799.98
805,GMC,Yukon XL 1500,2000,WA1LKBFP2AA054770,Indigo,10132.59
806,BMW,525,2006,3D4PG4FB0AT400383,Yellow,4076.61
807,Mitsubishi,Galant,2011,WAUEF98E37A625244,Yellow,27521.68
808,Honda,Accord,1992,JTHFE2C21B2033969,Crimson,25819.22
809,Volvo,C30,2010,1G6AH5RX0E0936351,Mauv,10524.13
810,Volkswagen,Jetta,1996,WA1EY94L09D774403,Khaki,27748.68
811,GMC,Envoy,2009,1GYFK46818R906992,Turquoise,10157.54
812,Acura,TL,1996,SAJWA4EC7CM171490,Teal,6866.27
813,Chevrolet,3500,1993,WUAYU48H38K127028,Maroon,29051.32
814,Porsche,968,1992,1FMCU5K30AK350944,Maroon,16113.18
815,Maybach,62,2010,JN8AZ2NC4D9060605,Teal,22367.52
816,Subaru,Impreza,2005,ML32A3HJ3EH015222,Green,15073.65
817,Volkswagen,Passat,1987,SCFEBBBK7DG444114,Indigo,25390.29
818,Pontiac,Montana,2000,3C4PDCDG0FT834678,Goldenrod,22275.15
819,Ford,Aspire,1997,WA1CGBFE5ED991052,Purple,6857.98
820,Infiniti,FX,2009,5N1AA0NE3FN946168,Crimson,5503.55
821,Chevrolet,Silverado 3500,2002,1FTEX1CM7BK342779,Teal,22652.86
822,Audi,S4,1992,WVGAV7AX3AW893012,Aquamarine,16538.48
823,Mazda,RX-8,2011,JN1CV6EK4DM478967,Aquamarine,5689.03
824,Volvo,S40,2005,WBAPM7G53AN111852,Khaki,10410.56
825,Subaru,Outback,2008,1FTWX3A59AE219865,Violet,10947.57
826,Mitsubishi,Montero,2006,5TDDCRFH3ES702232,Fuscia,7506.92
827,GMC,Yukon XL 2500,2004,1G4CW54K344863504,Aquamarine,12485.46
828,Mitsubishi,Montero,2000,WDDPK4HA2FF611169,Violet,13606.73
829,Lamborghini,Diablo,1999,JN8AF5MR5DT841264,Violet,26694.16
830,Chevrolet,Tahoe,1997,KMHEC4A41EA697391,Maroon,27376.83
831,Plymouth,Horizon,1978,WBA3B3C56DJ999267,Fuscia,14846.05
832,Aptera,Typ-1,2008,WBALM73539E183912,Orange,9153.56
833,Ford,E-Series,1985,3VW4S7AT5EM490451,Green,10400.77
834,GMC,Jimmy,1999,2G4WB55K711904747,Yellow,7391.30
835,Mitsubishi,Pajero,1990,2HNYB1H28AH691195,Khaki,6268.62
836,Lincoln,Blackwood,2002,WAUKG78E95A258724,Blue,9909.78
837,Buick,LeSabre,1990,1FTMF1C87AK723158,Aquamarine,21973.27
838,BMW,Z4,2009,JN1AZ4EH1FM180576,Fuscia,10200.72
839,Aptera,Typ-1,2009,4T1BD1EB7FU685656,Violet,8970.10
840,Mitsubishi,Galant,1986,WA1LFBFP7CA988057,Crimson,8019.47
841,Saturn,Aura,2009,1G4HP54K52U531600,Teal,7400.41
842,Nissan,Rogue,2012,WAUAC48H46K787090,Violet,28712.71
843,Chevrolet,Corvette,1994,3D7JB1EK5AG630534,Indigo,19800.04
844,Lincoln,MKT,2012,WA1WKAFP4BA543826,Yellow,17795.33
845,Lincoln,Navigator,2002,3N6CM0KN0EK752949,Fuscia,7366.76
846,Infiniti,EX,2008,2FMDK4GC5AB020501,Mauv,9818.46
847,BMW,M,2002,WBAVB73568V305451,Violet,20042.58
848,Toyota,Camry,2010,WBABW53476P594389,Goldenrod,28046.11
849,Saturn,VUE,2005,VNKKTUD38FA957319,Blue,9758.20
850,GMC,Yukon,2007,JA4AD2A34EZ254837,Khaki,9595.06
851,Mazda,MPV,1993,3D7TT2CT5BG432495,Puce,15830.69
852,Chrysler,Town & Country,2002,1G4HR57Y36U653727,Puce,8557.44
853,Mazda,626,1983,5LMJJ3H52BE831548,Crimson,14660.02
854,Cadillac,SRX,2010,1G6DF8EY8B0610151,Blue,24400.93
855,BMW,550,2006,1FTEW1C80AF740591,Violet,9584.57
856,Saab,9-3,2009,5N1CR2MM7EC545903,Puce,5919.36
857,Lotus,Elan,1993,WBAUN13579V476789,Aquamarine,20066.79
858,Ford,Expedition,2004,1GKS2FEJ9DR125396,Yellow,18509.16
859,Mitsubishi,Chariot,1988,WAUKG78E16A712997,Blue,10971.35
860,Mercedes-Benz,S-Class,1998,1G4GG5E31DF045084,Turquoise,26603.56
861,Dodge,Stratus,2002,1GYFC33239R763035,Puce,21976.63
862,Honda,Odyssey,1998,5J8TB3H76GL063026,Red,6271.21
863,Suzuki,Aerio,2007,WDDLJ6HB2FA611952,Orange,26514.26
864,Chevrolet,1500,1997,4JGDF2EE4DA741683,Pink,28794.28
865,Aston Martin,V8 Vantage,2012,SCFFDABE9CG382877,Turquoise,23332.02
866,Hyundai,Elantra,1998,WAULT58E15A238228,Violet,28305.65
867,Cadillac,Eldorado,1995,WAUDFAFL5CA070371,Mauv,9291.60
868,Aston Martin,Rapide,2012,2HNYD18904H449495,Red,10549.62
869,Chevrolet,Silverado,2003,WAUKF78E17A736818,Yellow,15495.92
870,Nissan,Xterra,2001,WAUFGAFC1DN637336,Orange,11620.06
871,Lotus,Esprit,2003,WAUMFAFL4CA435543,Khaki,27253.17
872,Bentley,Continental Flying Spur,2009,2HNYD28608H163079,Pink,12511.09
873,Saturn,S-Series,2000,19UUA9E51EA393419,Turquoise,12591.51
874,Lexus,SC,2009,WDDUG7JB2FA787726,Teal,20127.66
875,Chevrolet,Monte Carlo,2002,2G61P5S3XE9229001,Purple,13718.14
876,Toyota,RAV4,2002,5UXFG2C54DL005214,Yellow,9225.90
877,Suzuki,Kizashi,2012,JH4KB16617C016834,Turquoise,21066.61
878,Dodge,Charger,1999,3C6TD5FT4CG135750,Blue,13283.75
879,Volkswagen,Golf,2010,WAULC58E55A615708,Khaki,9393.38
880,Mitsubishi,Montero Sport,2004,JA32U2FU3DU979626,Goldenrod,28232.26
881,Ford,LTD,1986,1GYS3JKJ6FR577481,Green,15034.79
882,Volvo,S40,2001,JN8AF5MR9ET243311,Pink,15479.89
883,Mercedes-Benz,GLK-Class,2010,2C3CA1CV5AH171271,Indigo,25403.61
884,Ferrari,458 Italia,2012,1FTEX1C89AK758110,Aquamarine,28112.34
885,BMW,3 Series,1997,SCBCU8ZA6AC596892,Orange,28947.39
886,Ferrari,F430 Spider,2006,1G4PS5SK1C4584826,Purple,25847.95
887,Honda,Prelude,1986,WVWED7AJ0AW329760,Puce,13364.93
888,Chevrolet,Silverado,2010,2B3CJ5DT1AH129794,Yellow,10756.50
889,Ford,Crown Victoria,1999,WBAUL73549V733139,Purple,22993.55
890,Subaru,Impreza,2001,3N1AB6AP9AL675835,Aquamarine,26360.05
891,Subaru,Legacy,1997,5GAKVAED4BJ193019,Goldenrod,24567.51
892,Mitsubishi,Challenger,2002,2HNYD2H43DH298923,Crimson,25076.64
893,Oldsmobile,Cutlass Supreme,1994,WBABS53402J607363,Crimson,16233.68
894,Lincoln,Continental,1996,1FMNE1BW4AD573601,Indigo,22525.26
895,Toyota,4Runner,2003,WDDHF2EB4CA573768,Indigo,16101.35
896,Ford,Probe,1993,WBALW7C58CC530499,Goldenrod,11431.51
897,Jaguar,S-Type,2000,WBAWC7C52AE935376,Pink,17756.71
898,Mitsubishi,Starion,1984,5NPEB4ACXDH015873,Red,22431.97
899,Lexus,IS-F,2012,JM1NC2JF6D0520396,Mauv,21734.63
900,Toyota,FJ Cruiser,2009,1FMCU0D79AK733199,Fuscia,7908.44
901,Plymouth,Grand Voyager,1999,5FPYK1F48CB748408,Red,18007.96
902,Ford,Edge,2010,3C3CFFDR1DT535147,Indigo,12521.12
903,Bentley,Continental,2012,1FTEX1CM9DF873526,Khaki,16799.28
904,Mercedes-Benz,C-Class,1999,NM0AE8F78E1162840,Orange,26906.30
905,Acura,TL,2007,1G6DC5EGXA0036259,Teal,19649.06
906,Pontiac,Firefly,1990,JM3ER2A51B0820244,Turquoise,15144.90
907,Dodge,Challenger,2010,WBAEB53579C510536,Fuscia,18931.67
908,Mercedes-Benz,500SL,1992,WAUEFAFL1EA458902,Puce,15476.47
909,Chevrolet,Camaro,1973,WAUCFAFH5DN401886,Puce,29561.01
910,Lotus,Elan,1991,WAUFFAFMXAA165460,Blue,13145.27
911,Ford,Aerostar,1992,SALSF2D41DA103033,Blue,4310.13
912,Suzuki,Grand Vitara,2008,JH4CU2F85EC621622,Crimson,28696.69
913,Maserati,Quattroporte,2012,SAJWA4FB3CL607585,Orange,11171.83
914,Volvo,960,1996,1HGCR2E34EA017484,Goldenrod,24332.30
915,GMC,Sierra Hybrid,2006,1FTEW1CW0AF511889,Fuscia,7044.17
916,Audi,riolet,1998,SALFR2BG6EH089435,Crimson,23788.76
917,Volkswagen,Golf,1998,19VDE3F77EE163955,Maroon,10074.36
918,Ford,Mustang,1967,1G6DC8E38E0990433,Purple,4638.02
919,Chrysler,New Yorker,1995,YV4952CT5C1449681,Puce,11028.33
920,Mazda,Protege,1994,JTEBU5JRXC5249206,Khaki,28121.57
921,Aston Martin,V8 Vantage,2006,WAUWG94F79N207541,Khaki,26292.46
922,Mercury,Grand Marquis,2004,WAUAF98E45A668809,Crimson,9682.65
923,Chevrolet,Silverado 3500,2003,WDCGG0EB1DG462806,Turquoise,28475.63
924,Dodge,Ram Wagon B350,1994,KNAFU6A21D5884540,Maroon,12169.70
925,Scion,FR-S,2013,JN1AZ4EH8CM425255,Violet,28232.13
926,BMW,Alpina B7,2008,JN8AE2KP7B9448055,Red,29085.06
927,Volvo,V70,2005,JM3TB2MA0A0607448,Orange,20276.14
928,Ford,Fiesta,2001,JN1AZ4EH7FM779756,Turquoise,10749.05
929,Dodge,D250 Club,1993,KM8JT3AC2AU417065,Khaki,8476.87
930,Oldsmobile,Alero,1999,WUARL48H78K007448,Yellow,28125.41
931,Ford,Taurus,1994,3TMJU4GN8DM393105,Purple,10456.15
932,Ford,Explorer Sport Trac,2009,1FBNE3BL0DD830901,Goldenrod,11205.26
933,Aston Martin,Vanquish S,2005,JTDKN3DP3C3249088,Orange,28223.09
934,Honda,Accord,2002,1G6KD54Y35U763336,Violet,25600.08
935,Mercury,Sable,2000,SCFFDABM7DG981222,Orange,27085.44
936,Ford,Transit Connect,2011,WBA5B1C59ED948780,Green,7371.11
937,Suzuki,Forenza,2005,5BZAF0AA8EN842878,Pink,8279.12
938,Pontiac,Montana,2005,2FMDK4KC1AB916978,Orange,11741.79
939,Porsche,928,1995,SCBDR3ZA1BC289611,Orange,23548.63
940,Mazda,MX-6,1997,KNADM4A3XF6695032,Mauv,28391.18
941,Chevrolet,Venture,1997,WA1VMAFE8BD381007,Violet,17885.42
942,Honda,Element,2011,WVGAV7AX8BW535387,Maroon,22239.87
943,Chevrolet,Uplander,2008,WAUSH78E46A495202,Indigo,10714.12
944,Dodge,Ram Van 1500,1995,YV140MEA4F1684705,Green,15486.82
945,Toyota,Matrix,2006,5XYKT3A10DG185000,Purple,19786.07
946,Jaguar,XJ,2009,WAUWGBFC9EN168584,Aquamarine,21224.87
947,BMW,6 Series,2006,1N6AA0EC7FN037639,Violet,13483.38
948,Ford,Crown Victoria,1998,1FTWW3B52AE756952,Indigo,23482.13
949,Volkswagen,Golf,1992,WAUKH78E18A524870,Indigo,11169.08
950,Land Rover,Discovery,2005,4USBU33587L570420,Teal,20246.39
951,Audi,R8,2012,5J8TB3H30DL494275,Violet,20666.94
952,Land Rover,Discovery,1998,WAUGL98E56A125876,Turquoise,5819.87
953,Audi,Q5,2009,JTHKD5BH2B2595209,Yellow,26103.13
954,Hyundai,Sonata,2008,WAUBVAFA2AN718750,Violet,27663.78
955,Toyota,Corolla,2006,WAUHFBFL9CN742478,Violet,19709.34
956,Acura,RL,1996,4USBT53494L861106,Purple,6263.11
957,Land Rover,Range Rover,1999,5FRYD3H40FB063558,Puce,12821.67
958,Toyota,RAV4,2006,WP0AB2A81CU240377,Turquoise,26550.84
959,Nissan,Versa,2012,1FTWW3CY3AE029781,Fuscia,8928.34
960,Ford,F150,1999,5TDBK3EH0CS014999,Green,27579.07
961,Ford,E-Series,2012,3VW4T7AT9EM685434,Red,17173.36
962,Acura,CL,1997,WAUFEAFM0DA541476,Violet,13402.63
963,BMW,5 Series,2001,19UUA65694A246268,Violet,12909.11
964,Jaguar,XJ Series,1995,YV4902BZ3C1567801,Aquamarine,26717.11
965,Toyota,Supra,1996,WVWGU7AN6BE286545,Orange,13613.24
966,Lotus,Evora,2012,5YMGY0C51BL289574,Khaki,17133.03
967,Toyota,Camry,2004,WAUSH98E96A840008,Goldenrod,4065.27
968,Chevrolet,Express 2500,2012,1G6AS5S37F0064244,Indigo,19842.72
969,Lincoln,Town Car,1993,WBA3R1C50EF641795,Purple,28525.07
970,Audi,TT,2001,JTDBT4K32B4121249,Khaki,8536.64
971,Ferrari,FF,2012,19XFB2F57EE993515,Yellow,23018.81
972,Mercedes-Benz,190E,1993,1FTMF1CW4AK497272,Yellow,14202.58
973,GMC,Acadia,2011,4T3BA3BBXFU868226,Mauv,9444.77
974,GMC,Savana 1500,2004,WAUGL78E37A310661,Maroon,16087.84
975,Mitsubishi,Raider,2008,5UXXW5C51F0502136,Blue,20193.83
976,Pontiac,Firebird,1984,WBABN73473P261698,Aquamarine,14227.26
977,Chevrolet,Camaro,2001,WAUGGBFC3DN754460,Teal,24053.29
978,Volvo,V40,2001,4T1BF1FK0CU671859,Crimson,28842.84
979,Lincoln,Town Car,2011,SCFFDABE8CG853756,Teal,18770.77
980,Holden,VS Commodore,1996,JN8AE2KP7F9655549,Khaki,25639.73
981,Audi,A4,2006,1G6DH8E57D0708185,Turquoise,15738.42
982,Infiniti,FX,2005,WUAUUAFG6CN197959,Goldenrod,6766.16
983,Volvo,960,1992,WUAYU48HX8K008487,Yellow,12276.47
984,Land Rover,Range Rover,1998,WAUGU54D91N781745,Teal,8524.68
985,Dodge,Dakota Club,1994,WBAPH77599N804053,Puce,4874.10
986,Chevrolet,Tahoe,1998,1FTEX1C89AF307638,Red,22939.08
987,Oldsmobile,Achieva,1994,WDDDJ7CB0AA788610,Yellow,15839.37
988,Subaru,Loyale,1994,1GYFK43509R404180,Turquoise,11349.64
989,BMW,8 Series,1997,JTEBU4BF6DK442888,Khaki,8159.81
990,Pontiac,Fiero,1987,3D7TT2CT3BG798536,Violet,22750.88
991,Ford,LTD Crown Victoria,1985,KMHDB8AE3BU987253,Yellow,15702.40
992,Mercury,Milan,2007,2T1BURHE2FC313194,Orange,27350.49
993,Lincoln,Aviator,2005,2C3CCAJG2DH660231,Orange,18272.47
994,GMC,Sierra 1500,2011,3D7LT2ET5AG649105,Turquoise,5662.47
995,Chrysler,Town & Country,1998,YV4612HK9F1093822,Khaki,26480.93
996,Nissan,Quest,2004,WAUEH98EX8A921583,Yellow,4424.12
997,Chrysler,Pacifica,2004,WBAYP1C59DD011070,Blue,5691.00
998,Lincoln,Town Car,2008,1G6DC1E32C0210687,Khaki,19919.67
999,Buick,Regal,1989,1G4GL5G35DF170470,Mauv,5674.54
1000,Kia,Spectra,2002,1GYFK23229R692259,Orange,15890.24
