1,Land Rover,Range Rover,2006,JTHFE2C27D2128975,Maroon,24282.88
2,Chevrolet,Blazer,2000,3D7TP2HT2AG033748,Green,5183.51
3,Mazda,MX-6,1992,JN1AV7AR7FM711100,Turquoise,4172.10
4,Kia,Spectra,2009,1GYS3CEF7ER957432,Mauv,7618.00
5,MINI,Cooper,2011,2FMPK3J97FB985064,Goldenrod,5114.97
6,Kia,Rio,2011,WBAKA4C57CC375467,Orange,13427.28
7,Mitsubishi,Mighty Max,1986,WAUEH98E66A649756,Puce,16998.21
8,Ford,F350,1993,1C4NJCBA8FD505554,Green,5100.48
9,Audi,Quattro,1992,1GTC5LF92C8926153,Turquoise,12064.55
10,Saab,9-7X,2008,WBADX1C52DJ980256,Aquamarine,2531.45
11,Dodge,Caliber,2011,WBAYA8C56ED504104,Red,11256.52
12,Ford,E-Series,1963,2G4WF551741688947,Yellow,9294.63
13,Mercedes-Benz,300D,1993,WBA1F5C5XEV059927,Teal,9096.63
14,Toyota,Sequoia,2009,WBALM73599E398999,Indigo,17607.10
15,Subaru,Legacy,2002,SALAB2D40CA887209,Violet,18828.71
16,Dodge,Dakota,2008,1G6DG8E35E0351494,Maroon,3183.49
17,Mazda,B-Series,2003,5J6TF3H5XFL846053,Red,13935.80
18,BMW,Z3,2001,JH4CU2E89CC084882,Goldenrod,22864.25
19,GMC,Safari,2005,WAUD2AFD5EN404317,Mauv,22681.18
20,Chrysler,Sebring,2010,1G6DK1E3XD0660415,Maroon,20902.73
21,Plymouth,Laser,1993,2G61S5S39D9997470,Goldenrod,21717.47
22,Mercedes-Benz,S-Class,1989,JN1CV6AR0FM297936,Crimson,24680.23
23,Chevrolet,Equinox,2009,JTDKN3DU0F0670097,Blue,20129.33
24,Porsche,Boxster,2003,JA32U1FU2AU149953,Khaki,14580.32
25,GMC,Yukon,2010,WAUFFAFL5DN579007,Violet,13816.60
26,Dodge,D150,1992,1FADP5AU4FL586176,Violet,22879.20
27,Land Rover,Range Rover Sport,2012,WAUHF98P38A199832,Green,24576.63
28,Pontiac,Vibe,2004,5XXGM4A78CG665477,Green,18070.07
29,Chevrolet,TrailBlazer,2002,JTHDU5EF6C5015981,Teal,8725.87
30,Mercedes-Benz,SLS AMG,2012,ZFF75VFA1F0787967,Red,15694.48
31,Pontiac,Aztek,2005,1G6DP8E37C0956596,Indigo,8865.74
32,Chevrolet,Metro,1999,3G5DA03L97S371690,Aquamarine,16606.46
33,Mitsubishi,Expo LRV,1996,1GYS4FEJ5CR832736,Purple,17729.66
34,Isuzu,Rodeo Sport,2002,1G6D05EG7A0007004,Orange,20990.45
35,Jaguar,XK,2012,5N1AA0NC9BN860310,Purple,12918.86
36,Kia,Sorento,2005,JN1BY1AR4EM248565,Green,9991.21
37,Acura,Integra,1997,1G6DR57V880475724,Blue,14934.27
38,Cadillac,Eldorado,1992,JTDKN3DP1E3528932,Fuscia,20368.86
39,Volvo,V70,2002,WBAPH73589E277077,Turquoise,23750.97
40,Oldsmobile,98,1994,KNDPB3A23D7753464,Turquoise,20603.14
41,Mitsubishi,Starion,1987,JH4DC43561S756377,Turquoise,16012.73
42,Mazda,B-Series Plus,2003,WA1WMBFE2DD731437,Blue,21518.02
43,Suzuki,Equator,2011,WBAPH5C52BA249146,Teal,2353.55
44,Volkswagen,Cabriolet,1985,JTDKDTB34D1621747,Orange,7842.57
45,Jeep,Liberty,2004,5TFAW5F15EX339769,Orange,21409.45
46,Lincoln,MKZ,2007,1G6DG8EG2A0175209,Puce,3669.39
47,Ford,E-Series,1988,3GYFNGEY3BS364454,Puce,15666.48
48,Dodge,Nitro,2010,WAUJC68E84A250193,Puce,20467.75
49,Chevrolet,Cavalier,2005,1C3CCBAB1DN363503,Orange,5858.82
50,Lincoln,Continental Mark VII,1990,SAJWA4HA4EM053877,Puce,21518.92
51,Chrysler,Voyager,2002,2HNYD18794H457593,Violet,20632.38
52,GMC,Sierra 1500,2008,WA1WKBFP3AA631321,Pink,15226.96
53,Lexus,LFA,2012,WAUHF98P97A196044,Violet,12943.71
54,Dodge,Nitro,2010,WAUKFBFL4EN340473,Fuscia,7801.26
55,MINI,Cooper,2002,1YVHZ8BHXC5987007,Fuscia,3940.24
56,Dodge,Ram Wagon B250,1993,WBA5M4C52FD116260,Yellow,19063.58
57,Nissan,Rogue,2009,3VW4A7AT7DM010850,Violet,16642.78
58,Chrysler,Concorde,2003,3C6JD7EP8CG802049,Purple,21513.37
59,Chevrolet,Cavalier,1993,JM1NC2EF1A0571391,Fuscia,4566.35
60,Oldsmobile,Silhouette,1994,1C3CCBBB5EN433505,Green,7236.42
61,Pontiac,Montana,2000,JTDKTUD31ED945681,Crimson,21301.88
62,Ford,Crown Victoria,1995,1VWAP7A39EC390259,Yellow,21751.32
63,Mazda,RX-7,1987,1GD022CG8CZ472456,Yellow,9906.46
64,Saturn,L-Series,2003,TRUTX28N321853001,Maroon,2021.48
65,Hummer,H1,1993,WAUXU54B33N422697,Fuscia,9861.66
66,Land Rover,Range Rover Sport,2009,2G61N5S30D9816196,Puce,14361.07
67,Oldsmobile,Bravada,1998,WBAPT7C50AC845384,Pink,4511.75
68,Subaru,Justy,1988,WAUVT58E32A971031,Goldenrod,2320.21
69,Land Rover,Range Rover,2008,3N1AB6AP1BL983101,Crimson,15686.55
70,Pontiac,Firefly,1985,WAUGL78E96A979287,Khaki,18738.30
71,Ford,Mustang,1995,2T1BPRHE9FC477436,Crimson,14309.87
72,Hyundai,Scoupe,1995,WAUMR44E86N893662,Goldenrod,17434.68
73,Lamborghini,Gallardo,2004,3VWKX7AJ3AM688091,Yellow,9964.68
74,Mercedes-Benz,CLK-Class,2007,WBAUL735X9V448557,Yellow,3439.93
75,Mazda,Miata MX-5,2003,JTEBU5JR3E5060898,Pink,7494.07
76,Chevrolet,Lumina APV,1993,1G4PT5SV8F4215988,Blue,11246.15
77,Nissan,Quest,1997,1G6DF8EG4A0285438,Turquoise,14079.08
78,Chevrolet,Malibu,2002,5UXZV4C59CL831618,Mauv,22850.24
79,Jeep,Liberty,2006,1C4RDHEG7FC652346,Purple,20474.78
80,Chrysler,Sebring,1998,3D73M4CL0AG570307,Mauv,2161.87
81,Mercedes-Benz,CL-Class,2010,1GD020CG5BF022400,Fuscia,5713.14
82,Audi,90,1994,WBA3B9C57EF509510,Orange,6044.73
83,Isuzu,Trooper,1999,1D7CW3GKXAS032468,Khaki,17143.43
84,Toyota,Sequoia,2012,3N1CN7AP8EL374968,Goldenrod,9947.44
85,Toyota,Ipsum,2000,2LMDJ6JC4AB601311,Goldenrod,24266.71
86,Mercedes-Benz,SLK-Class,2006,WAUDN74F48N220151,Yellow,4252.86
87,Mercury,Grand Marquis,1985,5N1AN0NW1DN375502,Orange,15353.54
88,Mitsubishi,Galant,2009,1FTWX3A51AE134227,Mauv,21279.55
89,Lexus,SC,2004,3C4PDDDG4CT141758,Puce,22030.78
90,Chevrolet,Venture,2000,2T1KE4EE8AC885688,Turquoise,16736.29
91,Mitsubishi,Montero Sport,2002,1FTSW2B54AE104245,Khaki,22828.61
92,Mazda,Miata MX-5,2011,3VWML7AJ2DM897217,Khaki,6123.10
93,Porsche,Carrera GT,2004,3VW4A7AT6DM165261,Maroon,5306.78
94,Mercedes-Benz,W126,1981,4F2CY0C75AK168771,Indigo,7383.81
95,Chevrolet,Cobalt,2010,WBA3C1G53EN513925,Teal,6052.40
96,GMC,Sierra 3500,2005,JTDKDTB35E1146479,Purple,9227.74
97,Porsche,911,2011,1FTWF3A59AE057075,Puce,17719.55
98,Buick,Century,2000,2C3CDXCT4EH184964,Aquamarine,10257.06
99,Pontiac,Firebird,1986,WA1VFBFL1DA121695,Mauv,21058.81
100,Honda,Insight,2010,WAUTFAFH6BN302703,Blue,10540.79
101,Toyota,Sienna,2004,WBAWC7C54AP903128,Goldenrod,17714.92
102,Mitsubishi,Mirage,1999,5TFBY5F16CX131718,Red,19725.79
103,Chevrolet,Impala,2011,2G4WC552361475997,Mauv,11446.78
104,Lincoln,Continental,1995,1G6KE54Y25U331401,Turquoise,23846.57
105,Chevrolet,Avalanche 1500,2006,1G6DD67V280520080,Indigo,18517.90
106,GMC,Yukon,1995,1N6AF0LY8FN578926,Aquamarine,16880.33
107,Hyundai,Accent,2006,5FRYD4H47FB899597,Violet,18309.49
108,Ford,Probe,1991,WAUDF78E15A380375,Puce,17759.77
109,Dodge,Dakota Club,2002,3VW467AT5CM713833,Orange,4744.39
110,Lexus,LX,2003,2C3CCAFJ6CH443106,Violet,2576.42
111,Volkswagen,GTI,1987,WBAHL03556D032118,Violet,3724.66
112,GMC,Sierra,2008,5N1AA0NCXDN180659,Turquoise,13248.25
113,Ford,Ranger,2008,2G4WB55K611715197,Crimson,11479.62
114,Ford,Escort,1993,SCFHDDAJ2AA591922,Pink,16385.18
115,Suzuki,Daewoo Lacetti,2006,1G4HJ5EM1BU636264,Turquoise,14746.70
116,Chevrolet,Blazer,1999,2FMGK5DC3AB365341,Violet,10165.67
117,Volkswagen,GTI,1987,SALAB2D43BA971751,Teal,10931.00
118,Dodge,Dakota,2004,1FTWW3DY5AE496862,Pink,6523.60
119,Pontiac,Firefly,1991,1G6DL5E30D0358779,Pink,12041.59
120,Mitsubishi,Precis,1992,2B3CL3CG1BH090659,Aquamarine,10722.30
121,Chevrolet,Express 3500,2008,WAUVC68E64A371435,Blue,22210.67
122,Ford,LTD Crown Victoria,1991,3FADP0L32BR089257,Orange,14959.97
123,Hyundai,Sonata,2010,5N1AN0NW5DN877963,Maroon,12183.06
124,Porsche,911,1990,2T1KU4EE3DC455834,Green,10129.58
125,Saturn,VUE,2004,1N6AA0EC6FN825067,Red,11788.32
126,Mazda,Mazdaspeed 3,2009,1G4CW54K134965169,Green,23066.94
127,GMC,Savana 1500,2004,1D7CE2GK0AS711856,Purple,20141.54
128,Honda,Prelude,1998,3D7JB1EK6BG877563,Yellow,24757.60
129,GMC,Safari,2004,SCFHDDAJ1CA871138,Maroon,4245.99
130,Toyota,4Runner,1995,WBAPH7C55AA026304,Blue,24670.53
131,Saab,9000,1987,WAULD64B54N590069,Crimson,10142.78
132,Honda,Accord,2006,WAUKG94F06N976523,Fuscia,7003.96
133,Mazda,MX-5,1993,1G6DZ67A180365424,Blue,9549.69
134,Mercedes-Benz,600SL,1993,2C3CDYCJ5CH716630,Orange,10157.49
135,Volvo,C70,2011,3N1CN7APXEK176432,Green,22958.93
136,Lincoln,Navigator,1999,1G6DM5EDXB0627194,Violet,5834.88
137,Isuzu,Space,1993,WBAUN7C59BV658809,Mauv,11927.24
138,Toyota,4Runner,1998,19UUA56633A305354,Khaki,23964.38
139,GMC,1500,1998,1FTEW1E88AF564628,Turquoise,16147.79
140,Dodge,Colt,1989,1GYEC63T44R144765,Aquamarine,24100.11
141,Buick,Century,1994,1G6DH577680602927,Goldenrod,9951.60
142,Lincoln,Mark LT,2006,1G6DC5EG6A0425092,Purple,22400.10
143,Lexus,ES,2004,JN1AZ4EH9BM762659,Indigo,13596.21
144,Pontiac,Safari,1989,2C3CA6CT4BH112550,Aquamarine,18011.40
145,GMC,Sierra 3500,2011,JHMZE2H38ES269912,Violet,4853.50
146,Chevrolet,SSR,2003,3D73Y3CL2AG943717,Fuscia,15631.15
147,Toyota,MR2,2002,1G4HE57Y18U349407,Pink,21621.86
148,Mercedes-Benz,S-Class,1986,1D7RW3BK3BS815036,Mauv,19298.26
149,Infiniti,IPL G,2011,YV140MAB1F1418136,Khaki,24936.07
150,Mercury,Grand Marquis,2010,1G6AC5S37F0587616,Violet,19158.20
151,Pontiac,Grand Am,1985,2C4RDGEG8DR520713,Indigo,2345.02
152,Chevrolet,Silverado 2500,2004,3GYFK62888G864791,Green,20155.51
153,Lexus,GX,2006,JN8AE2KP0D9932264,Mauv,10379.79
154,Suzuki,Daewoo Magnus,2004,19VDE1F53DE484313,Blue,9637.25
155,Buick,Century,1988,WP1AA2A24DL012911,Puce,5502.50
156,Pontiac,Torrent,2007,5FNYF3H2XDB712614,Crimson,24936.52
157,Acura,TSX,2007,2G61R5S31E9224375,Blue,14532.07
158,Volkswagen,Golf,2010,5TDDW5G15FS710626,Green,17854.29
159,Dodge,Caravan,2003,5XYKT3A12CG778016,Indigo,18014.27
160,Chrysler,Imperial,1926,1G6AH5SX0D0776819,Aquamarine,8478.82
161,Suzuki,XL7,2008,WA1UFAFL4DA358400,Khaki,2298.39
162,Land Rover,Range Rover,1994,KNAFZ6A31F5156987,Maroon,22214.62
163,Chevrolet,G-Series 1500,1998,KNAFU6A2XD5307716,Green,23260.64
164,GMC,Acadia,2010,TRUTC28N931390035,Red,14229.24
165,Plymouth,Roadrunner,1969,W04GY5GV5B1863700,Maroon,11263.11
166,BMW,525,2006,1FTEX1E8XAK849710,Fuscia,9518.01
167,GMC,Yukon,1992,JH4DC53823C905896,Khaki,12722.94
168,Porsche,928,1991,1G6KE54Y21U837417,Orange,21009.73
169,Aston Martin,Vantage,2006,5GAKRAED4CJ162620,Yellow,2291.07
170,Cadillac,DeVille,2001,WP0AB2A91FS799601,Mauv,24096.03
171,Volkswagen,Passat,1993,WAUDFAFL5AA944649,Orange,16348.01
172,Chevrolet,APV,1992,WAUMK78K49A982503,Fuscia,6240.52
173,Dodge,Ram 3500,1996,1D7RB1CP8BS613397,Khaki,22384.25
174,Suzuki,Equator,2010,JN1CV6AP1CM704656,Mauv,15449.73
175,Lexus,RX,2008,2C4RDGCG7FR839106,Turquoise,2435.03
176,Suzuki,Kizashi,2012,2HNYD18954H370839,Red,7521.83
177,Audi,TT,2004,5N1AA0NC1DN531488,Violet,23662.40
178,Volkswagen,R32,2004,5NMSG3ABXAH139866,Indigo,19234.53
179,GMC,Savana 3500,2002,JTDKN3DU8A0083073,Maroon,12079.74
180,Chevrolet,Corvette,1970,WBSBL934X2J448352,Fuscia,9539.92
181,Chevrolet,Silverado 3500,2010,WAUVC68EX3A251622,Puce,3490.25
182,Jensen,Interceptor,1967,WBANU5C51AB447289,Khaki,7748.30
183,Aston Martin,V12 Vantage,2011,1FTEW1CF8FK401994,Mauv,15256.26
184,Mitsubishi,GTO,1994,WBAPM73539A212107,Red,5768.08
185,Dodge,Viper,2004,SCBZK25E73C749997,Violet,8664.96
186,Toyota,4Runner,2007,19UUA65574A572805,Khaki,16492.61
187,Mercedes-Benz,S-Class,2009,WAUCFAFRXBA559606,Indigo,22913.24
188,Honda,CR-V,2003,WA1EY74L69D903359,Mauv,15963.52
189,Mitsubishi,Tredia,1986,1G6DA8EY1B0349654,Red,3337.37
190,Volvo,XC90,2008,WDDGF4HB6ER870385,Khaki,13007.47
191,BMW,745,2005,3FAHP0GA0AR219562,Blue,4268.58
192,Toyota,Tacoma,2004,WBAPH57539N402209,Purple,18294.23
193,Jeep,Commander,2006,WBAAX13485P037085,Crimson,10816.61
194,Dodge,Durango,2000,19UUA75577A388281,Purple,21828.69
195,Mercury,Sable,1986,1J4NF1GB0BD360988,Turquoise,12123.14
196,Toyota,Camry,2003,WAUAFAFC0CN886500,Goldenrod,15177.86
197,Infiniti,QX56,2007,JM3KE2BEXE0811107,Khaki,6246.93
198,Scion,xA,2004,2T1BU4EE8DC971056,Purple,20281.93
199,Toyota,Xtra,1992,2HNYD28367H574989,Fuscia,10352.13
200,Chevrolet,Camaro,1995,3GYFNAE35ES923461,Pink,3127.10
201,Volvo,C70,2007,WAUGN94F39N447695,Yellow,14402.44
202,Lexus,IS,2010,1N4AL3AP7EC855508,Goldenrod,22657.34
203,Toyota,Highlander,2009,WAUBNAFB7AN189367,Yellow,21903.55
204,Ford,F250,2002,3D73Y4EL2AG266011,Turquoise,14169.23
205,Daewoo,Leganza,1999,JHMFA3F22AS867082,Goldenrod,11772.68
206,Toyota,Land Cruiser,2010,1GTN1TEXXDZ443218,Turquoise,9693.91
207,Mitsubishi,Montero,1994,1G4PP5SK1F4958728,Red,16771.87
208,Mercedes-Benz,500E,1992,SCBBR53W36C240620,Mauv,7180.62
209,Bentley,Continental Super,2011,WDDGF5EB3BR411255,Red,21072.92
210,Mitsubishi,Pajero,1989,3D73Y3HL0BG953902,Violet,13335.29
211,GMC,2500 Club Coupe,1995,3D73Y3CL0AG788732,Pink,17050.62
212,Mazda,Millenia,1998,KMHHT6KD3BU231690,Indigo,6032.71
213,Maserati,Quattroporte,2012,3N1AB6AP1BL741960,Teal,11965.82
214,Nissan,Xterra,2004,SCBBR53W268160678,Yellow,4903.97
215,Ford,F150,2011,3C63DRML5CG177581,Teal,5085.72
216,Mercedes-Benz,M-Class,1999,3TMJU4GN0EM482278,Goldenrod,5119.14
217,Land Rover,Range Rover,1998,3D7JV1EP8BG658526,Green,23036.31
218,Chevrolet,Sportvan G10,1993,19UUA56763A730284,Red,14959.23
219,Audi,S6,2010,WBABN53482P117984,Red,10442.45
220,Chevrolet,Camaro,2001,1G6YV34A145025493,Fuscia,2313.14
221,Pontiac,Firebird,1969,1N6AA0CA1DN800348,Aquamarine,20999.48
222,Hyundai,Santa Fe,2004,WAUAH74F17N657680,Indigo,6964.42
223,Toyota,Corolla,2004,5TDDCRFH3FS105261,Indigo,13198.94
224,Nissan,Pathfinder,1994,WVGAV3AX7EW859377,Goldenrod,19871.45
225,BMW,7 Series,2002,1C6RD7NT1CS515547,Mauv,20891.99
226,Mercedes-Benz,S-Class,1984,5N1AN0NU1AC206599,Maroon,2525.30
227,Ford,Mustang,1972,WP1AB2A23FL390959,Teal,23254.27
228,GMC,Jimmy,1993,WBA3D3C52EF305107,Goldenrod,5996.34
229,Audi,A8,2012,KMHDB8AE5CU296761,Violet,9937.39
230,Pontiac,Sunfire,1999,4A4AP3AU5FE292462,Green,8961.79
231,Nissan,Altima,2010,2T2BK1BAXFC652312,Indigo,6950.69
232,Honda,S2000,2002,JTDKN3DU2A0582645,Aquamarine,20491.12
233,Lexus,SC,2008,WAUHE98P79A682549,Violet,8574.85
234,Chevrolet,Prizm,1999,1G4GA5EC6AF938798,Mauv,15775.06
235,Buick,Coachbuilder,1990,JN8AF5MR9FT222007,Khaki,3347.96
236,Mercury,Villager,2002,1B3CC5FB3AN642065,Aquamarine,20424.09
237,Aston Martin,Vantage,2010,5TFCM5F11AX890015,Blue,16587.68
238,Volkswagen,Touareg,2004,WAUNF98P46A722047,Crimson,4590.96
239,Dodge,Aries,1981,WAUMFAFL2DN210497,Turquoise,7762.80
240,Chrysler,New Yorker,1996,WAUGU44D73N605922,Red,12710.75
241,Suzuki,Equator,2011,2LMHJ5AR5AB173927,Crimson,9289.08
242,GMC,1500 Club Coupe,1998,1FTWW3A55AE310781,Green,12567.97
243,Audi,4000s,1985,JN1AZ4EH0DM923807,Puce,17564.04
244,Buick,LaCrosse,2005,1GYFK63898R328995,Goldenrod,6824.35
245,GMC,Vandura G2500,1995,JN8AF5MR6DT459275,Blue,4273.31
246,Chevrolet,Corsica,1996,JN8BS1MW6EM152294,Green,11340.02
247,Mercedes-Benz,300E,1992,3VW467AT0CM463949,Aquamarine,13895.07
248,Mazda,Protege,1993,1G4HK5ES3BU323485,Aquamarine,14361.78
249,Infiniti,FX,2011,WA1VGAFPXFA433320,Teal,3511.77
250,Dodge,Ram 3500,2001,3VW8S7AT3FM741079,Aquamarine,14255.17
251,Mitsubishi,Sigma,1989,JN1AZ4FH3FM231400,Blue,18215.21
252,Dodge,Caravan,2002,3D7TP2CT1AG313006,Orange,23334.95
253,Infiniti,G37,2012,WBAPN73589A616999,Khaki,5398.16
254,Mazda,626,1990,2CTALBEW8A6956280,Crimson,6287.60
255,BMW,5 Series,1999,WAUJC58E53A930643,Yellow,7244.72
256,Oldsmobile,Cutlass Supreme,1996,SCBLF34F54C985026,Khaki,24892.73
257,Chevrolet,Equinox,2007,WA1YL64B64N292314,Blue,22342.96
258,Eagle,Vision,1993,WA1YD64BX2N148226,Orange,24584.52
259,Cadillac,Brougham,1992,WAUFFAFL2CN213875,Orange,7118.80
260,GMC,Savana Cargo Van,2006,5N1AL0MM1DC882255,Pink,16690.41
261,Oldsmobile,Cutlass Cruiser,1994,WAUNF78P36A329600,Mauv,15045.13
262,Plymouth,Voyager,1999,5GAER13798J255800,Orange,3652.37
263,Studebaker,Avanti,1961,3GYFNAE39FS969120,Crimson,4377.46
264,Ford,Thunderbird,1977,WUATNAFG4EN409124,Khaki,15794.93
265,Pontiac,Aztek,2005,JN8AZ1MU2DW659251,Mauv,17001.82
266,Suzuki,SX4,2007,5TDBCRFH3FS631753,Puce,10547.40
267,Hyundai,Excel,1994,1GKMCCE3XAR111850,Indigo,3234.75
268,Ford,F250,1999,19UUA766X7A248605,Aquamarine,9731.46
269,Porsche,928,1993,5XXGM4A76CG124752,Crimson,12432.08
270,Mitsubishi,Expo LRV,1996,1G6DP577670779947,Aquamarine,5552.58
271,Dodge,Ram Van 2500,2003,WAULFAFR4DA454952,Aquamarine,12518.44
272,Toyota,Previa,1991,WAUCVAFR7AA082313,Pink,17665.18
273,Aston Martin,DBS,2012,JN8AZ2KRXAT937847,Mauv,13948.08
274,Pontiac,Firebird,1997,WAULT58E83A022650,Yellow,22443.75
275,Hyundai,Elantra,2000,SCBZU25E71C927009,Khaki,6680.59
276,Audi,S5,2008,5UXZV4C52BL313719,Pink,10456.53
277,Ford,Explorer,1998,WAU4GAFB8AN459113,Goldenrod,6337.00
278,Dodge,Grand Caravan,2010,2C3CDXHG7FH505859,Puce,24835.27
279,Chevrolet,Lumina,2001,1GYS3JEF3CR060061,Puce,22594.68
280,Buick,LeSabre,1991,4T3BA3BB1EU982632,Puce,7059.79
281,Lexus,LX,2006,3N1BC1APXBL140339,Violet,5529.01
282,Audi,A5,2011,5UXFG8C57AL946042,Red,14449.62
283,Volkswagen,GTI,2005,YV440MBC7F1537996,Red,17936.79
284,Daewoo,Nubira,2001,WVGEF9BP4DD118341,Yellow,24247.79
285,Ford,F450,2009,2C3CCAEG4DH871263,Fuscia,17409.09
286,Audi,S4,1992,5UXFA93585L579326,Teal,22301.24
287,Porsche,911,2007,WBXPA734X5W655275,Crimson,11108.31
288,Lexus,HS,2012,WA1YD54B34N456559,Indigo,9785.48
289,Nissan,Sentra,1997,WAUKF98E88A898118,Violet,14051.40
290,Dodge,Viper,1996,1C4AJWAG2DL111377,Aquamarine,5720.38
291,Morgan,Aero 8,2007,1G6DH5EG2A0094514,Maroon,19028.19
292,Kia,Sorento,2012,3C3CFFDRXFT504109,Maroon,23640.81
293,Chevrolet,Cobalt,2008,YV4952CF7B1890513,Khaki,21541.83
294,Ford,Courier,1987,WA1VFAFL0EA788902,Orange,18607.29
295,Chrysler,300C,2005,1FTEW1CM6EF317386,Khaki,24559.55
296,Nissan,Titan,2004,3N1CN7AP8EL028192,Blue,5893.94
297,Volvo,240,1993,3GYFNAE37CS577605,Orange,21821.73
298,Pontiac,Sunbird,1989,WAUHF78P08A057393,Mauv,12430.76
299,Acura,NSX,1998,1N6AA0CJXEN737316,Yellow,16069.63
300,Cadillac,Escalade EXT,2011,1G4GG5E39DF909721,Violet,18853.02
301,Chevrolet,G-Series G20,1995,1GYEE437190860133,Teal,13422.72
302,Mercedes-Benz,CL-Class,2011,1FTNF2A51AE004067,Blue,3957.90
303,GMC,Savana 1500,2003,JM1CW2BL3D0359962,Khaki,23148.99
304,Land Rover,Range Rover,2012,WAUDF78E48A767555,Red,20968.65
305,Volkswagen,CC,2010,SCBZB25E22C220861,Turquoise,12172.55
306,Pontiac,Firefly,1991,2HNYD18645H434439,Aquamarine,13057.13
307,Porsche,Cayenne,2009,2C3CA1CV4AH261933,Purple,8327.10
308,Kia,Carens,2008,1N4AB7AP9DN944431,Green,14032.86
309,Mitsubishi,Challenger,2002,1GYFC66828R410169,Indigo,22469.31
310,Chevrolet,Express,2010,WAUHF98PX8A811363,Blue,8053.23
311,Cadillac,CTS-V,2009,WBA3T1C54FP667846,Turquoise,21459.08
312,Mercedes-Benz,CL-Class,1998,1G6DS5EV8A0104169,Purple,21092.44
313,Ford,E150,2012,WA1MMAFE3AD085922,Crimson,15934.94
314,Chevrolet,Caprice,1983,1G6AC1R3XF0291066,Maroon,8840.45
315,Saab,9-3,2005,1ZVBP8AM0E5147124,Fuscia,11002.32
316,Kia,Spectra,2000,1FTEW1E87AF243762,Aquamarine,19340.36
317,Ford,Thunderbird,2004,WA1AY94L87D041091,Khaki,16825.52
318,Dodge,Neon,1995,WAUSFBFL6AA218800,Crimson,16736.66
319,Kia,Amanti,2009,SCBLE47K69C192262,Yellow,3607.61
320,Volvo,V70,2001,1FMJK1G59EE138239,Blue,16488.27
321,Dodge,Dakota,2005,WBA3B9C55FJ500755,Orange,23846.18
322,Toyota,Land Cruiser,1996,WBAFU9C57CC970762,Purple,8397.64
323,GMC,Safari,2001,WBAFU7C57BC662445,Crimson,21594.59
324,GMC,Sierra 1500,2005,WBAXA5C57ED957304,Orange,5421.55
325,GMC,Savana 2500,2004,WBANW5C57AC775918,Khaki,21131.64
326,Mercedes-Benz,CL-Class,2008,1FTWX3B58AE379976,Green,23075.62
327,GMC,Safari,2005,JH4DC54875S315152,Violet,24694.66
328,Ford,Ranger,1994,3LN6L2G9XER171309,Mauv,7917.64
329,Honda,Odyssey,2002,5FRYD4H64EB166164,Crimson,5932.27
330,Ford,Galaxie,1966,WDDHH8JB2FB142833,Pink,16166.09
331,Toyota,Yaris,2010,NM0KS9BN7DT762226,Khaki,5041.84
332,Isuzu,i-290,2007,5J6YH1H33AL042463,Red,19829.05
333,Pontiac,Firefly,1990,3FAHP0CG5BR330023,Puce,16139.74
334,BMW,M,2000,WBAKF9C55CE508360,Indigo,19202.44
335,GMC,Safari,1997,WBAYF8C58FD737923,Pink,19206.37
336,Buick,Skylark,1990,WBAWB73537P251663,Aquamarine,8757.68
337,Mazda,RX-7,1983,1G6AS5S35F0310725,Aquamarine,3923.61
338,Pontiac,LeMans,1965,WAUML64B53N079659,Yellow,21346.46
339,Volkswagen,Cabriolet,1989,JN1AZ4EH6BM528480,Green,18230.76
340,Pontiac,Grand Prix,1991,4A31K5DF1CE128424,Turquoise,17627.43
341,Nissan,Frontier,2008,3VWKZ7AJ2BM839868,Turquoise,4829.39
342,Jaguar,XJ Series,1995,WBAVA33558K185672,Goldenrod,21777.14
343,Ford,E-Series,1985,3GYFK66NX6G152019,Goldenrod,21692.80
344,Buick,Skyhawk,1986,1G4GJ5G39CF391932,Khaki,17034.34
345,Ford,Bronco II,1985,WAUVC68E45A539199,Yellow,2985.49
346,Nissan,Xterra,2003,1N6AA0ECXEN733426,Fuscia,22146.92
347,Maserati,Spyder,1990,WP1AA2A24EL922365,Mauv,19866.18
348,Ford,Ranger,2008,WAUGFAFR1CA843113,Teal,15794.43
349,Cadillac,Escalade EXT,2012,WBAFV3C54ED117937,Green,17630.15
350,Pontiac,Vibe,2009,WBAVM5C56FV822776,Mauv,22959.04
351,GMC,Savana 1500,1996,1C3CDWBA1CD720984,Yellow,20691.86
352,Hyundai,Equus,2013,1D7CE3BK2AS230326,Goldenrod,6524.09
353,Mazda,MX-5,1991,1G6KD57Y42U808128,Violet,4497.68
354,Chevrolet,Express 1500,1998,1G6DT57V890499489,Maroon,11874.07
355,Volkswagen,Passat,1990,5GAKRCKD5FJ217497,Indigo,14463.55
356,Jensen,Interceptor,1967,1GYS4RKJ0FR619896,Puce,24283.18
357,Dodge,Ram Van 3500,1999,WBA3V5C50EJ027202,Purple,12717.99
358,Volvo,240,1993,WAU4GAFB4AN919268,Fuscia,20419.00
359,Kia,Carens,2008,KMHHU6KJ0FU756070,Fuscia,11301.61
360,Chevrolet,Avalanche 2500,2005,1N4AB7AP3DN739770,Goldenrod,3099.26
361,Ford,F250,2009,WAULT58E85A713423,Khaki,11524.05
362,Ford,Explorer,2000,WBAPH73579E977480,Maroon,11545.28
363,Mercedes-Benz,SL-Class,1984,JH4CU25699C458897,Fuscia,23921.85
364,GMC,Envoy,2008,5UXFA13514L700164,Khaki,18305.19
365,Volvo,960,1996,WAUVT68E64A807085,Teal,22819.68
366,Ford,Taurus,2006,1G6DV8EP0E0795424,Teal,4213.90
367,Porsche,911,1986,3N1CE2CP5FL235155,Puce,16798.58
368,Plymouth,Laser,1993,JN1CV6EL7FM010243,Mauv,5043.73
369,Hyundai,Elantra,1992,4JGDF2EE0DA316199,Pink,15491.20
370,Ford,Focus,2010,1G4HJ5EM1AU688301,Goldenrod,12450.62
371,Chevrolet,Camaro,1971,2G4WN58C181451585,Goldenrod,2341.85
372,Ford,Festiva,1990,3C4PDDBG7CT671211,Puce,6220.33
373,Buick,Electra,1987,1C4RDHEG9DC844333,Teal,9102.86
374,Buick,Riviera,1996,1G6DN57U760900446,Goldenrod,10108.46
375,Buick,Park Avenue,2003,1FTSW3A58AE080930,Orange,17698.33
376,Mitsubishi,Montero Sport,1999,5N1CR2MM2EC213951,Blue,2331.11
377,Buick,LeSabre,1998,1GYEK63N43R784400,Mauv,10726.73
378,GMC,Sierra,2009,JM3TB2MA4A0400450,Orange,18532.72
379,Chevrolet,SSR,2004,JHMGE8G28AS191466,Purple,11579.64
380,Volkswagen,Passat,1999,KMHHT6KJ9FU266035,Purple,10151.67
381,Mitsubishi,Tredia,1984,JTHBF1D22F5479136,Red,18215.67
382,GMC,Safari,2001,SCBFT7ZA2FC547156,Aquamarine,5810.96
383,Cadillac,Eldorado,1998,1FTSW2B5XAE274335,Red,12317.48
384,Mercury,Grand Marquis,2010,2C3CCAGG0FH791183,Violet,2849.51
385,Nissan,Quest,2009,1GYFC562X9R561364,Fuscia,23711.74
386,Honda,CR-V,2000,1G6YX36D875891519,Khaki,20359.86
387,Kia,Rio,2003,1G6DF5EG9A0423604,Yellow,4300.09
388,Chevrolet,S10,2001,WAU4FAFR7AA996031,Purple,3468.05
389,MINI,Cooper,2008,WBANA53575B977071,Mauv,4632.17
390,Ford,F-Series,1989,WAUMF78P76A677167,Khaki,12876.71
391,Volkswagen,Eurovan,2002,WBAUP93569V566380,Yellow,17427.32
392,Ford,Econoline E250,1994,SCFHDDAJ6AA807626,Blue,14595.76
393,Honda,CR-X,1984,3FA6P0LU3ER041885,Purple,13166.19
394,Dodge,Stealth,1994,WAUNF98P58A524399,Pink,20011.02
395,GMC,Savana 1500,1997,WA1WGBFP0EA559839,Blue,13297.15
396,Oldsmobile,Intrigue,1998,WBAVT73598F705351,Purple,3306.97
397,Mitsubishi,Galant,1996,1GTN2TEH8FZ771410,Blue,21501.98
398,Chevrolet,S10,1992,WBAUN93508V396523,Mauv,7190.07
399,Pontiac,G8,2008,WA1BY74L39D482638,Puce,24218.93
400,Dodge,Durango,2012,WBAEH73464B910071,Purple,22569.30
401,Cadillac,STS-V,2009,2G4GP5EXXF9401305,Pink,10801.31
402,Mitsubishi,Diamante,1998,JTDKN3DU8A0524717,Khaki,17562.09
403,Lamborghini,Gallardo,2009,SAJWA4ECXDM529070,Red,6352.48
404,Kia,Spectra,2007,WBABN33461J475428,Yellow,22331.00
405,Nissan,Quest,2005,5N1AA0ND6FN318760,Purple,15872.40
406,Spyker,C8 Spyder Wide Body,2004,2T2BK1BAXEC486677,Yellow,2157.49
407,Audi,R8,2010,WBAKA4C50BC117855,Violet,24184.81
408,Cadillac,SRX,2011,WAUFL44D93N601675,Crimson,20915.99
409,Subaru,B9 Tribeca,2007,1FTEX1CW4AF740363,Yellow,2888.23
410,BMW,M3,1996,WBAUT9C58CA797954,Goldenrod,16347.91
411,Lexus,RX,1999,JA32U2FU5EU065170,Red,10505.94
412,Ford,Econoline E350,2001,1G6DK5ED4B0277390,Blue,7694.99
413,Honda,Accord,2006,JN8AZ1MU0AW506153,Green,2114.35
414,Volkswagen,rio,1998,WA1VMAFP2EA778042,Green,9627.92
415,Chevrolet,Tahoe,2010,5J6TF2H56EL279610,Fuscia,10519.13
416,Daewoo,Nubira,2000,5XYKT3A15CG946683,Green,21182.81
417,Pontiac,Grand Prix,2000,WAUDH78E68A466358,Goldenrod,16189.47
418,Ford,F250,1996,JN1AJ0HP6CM625649,Fuscia,21797.37
419,Saab,9000,1987,1FMEU3DE2AU622393,Mauv,9711.41
420,Mercedes-Benz,G-Class,2012,WBAVB73518K102419,Teal,9457.65
421,Nissan,Pathfinder,1992,1GKS1GEJ8CR518698,Purple,6011.50
422,Acura,SLX,1998,1G4HP54K144243110,Crimson,14031.82
423,Jeep,Wrangler,2008,WA1WMAFE3AD493720,Yellow,21378.62
424,Audi,A4,2009,1G6DF5E51C0852964,Orange,17920.32
425,Chevrolet,Corvette,2003,1LNHL9DR7AG745310,Red,20213.26
426,Toyota,Camry,2002,1J4PN2GK8BW663121,Aquamarine,8749.45
427,Chevrolet,Colorado,2011,WAUCFAFH1DN587877,Green,18886.57
428,Chevrolet,Equinox,2006,3C4PDDEG0ET479269,Purple,2482.06
429,Toyota,Previa,1995,JTHFF2C28D2033306,Puce,8066.01
430,Mercedes-Benz,M-Class,1999,KMHGH4JF7BU143472,Yellow,10617.77
431,Land Rover,LR4,2010,WAULT64BX3N788759,Green,2140.79
432,Dodge,Grand Caravan,1993,SCBLC37F64C145549,Yellow,5607.66
433,Lincoln,MKX,2010,3GYFNFE38ES568895,Pink,7148.13
434,BMW,6 Series,1989,3GYT4NEF4DG568825,Green,18653.92
435,Mazda,B2600,1987,1FTMF1C83AK734481,Teal,7132.92
436,Chevrolet,SSR,2006,1C3CDFBBXED785599,Aquamarine,8169.17
437,Honda,CR-V,2001,3D73Y4CL2BG273500,Khaki,5167.16
438,Mitsubishi,Eclipse,1992,3D4PG9FGXBT018405,Aquamarine,13302.33
439,Ford,Tempo,1992,WAUUL78E06A729469,Purple,19479.98
440,Pontiac,LeMans,1965,WAUBF78E38A587149,Red,6216.75
441,Chevrolet,3500,1999,5UXWX7C53EL820471,Crimson,17530.45
442,Mitsubishi,Montero,1995,1FT7W2A67EE327059,Puce,9026.10
443,Mercury,Topaz,1985,WBA3T3C52EP848826,Crimson,21702.65
444,Land Rover,Discovery,2011,KM8NU4CC3CU870437,Indigo,15142.92
445,Pontiac,Grand Prix,1983,2T1BURHE9FC151404,Red,20827.64
446,Honda,Accord,2000,1G4GE5ED1BF230747,Teal,14273.13
447,Ford,Th!nk,2002,3C3CFFJH1ET864976,Crimson,6498.59
448,Dodge,Aries,1981,YV126MED0F1485926,Aquamarine,23249.50
449,Lamborghini,Diablo,1994,2G61T5S34F9734612,Green,20555.16
450,Mitsubishi,Outlander,2005,3C63D3DLXCG889551,Pink,21328.34
451,Lexus,LX,2010,1GT3C0BG9AF999862,Aquamarine,7393.21
452,Acura,RDX,2010,SCFFDAAM3DG529852,Aquamarine,4412.79
453,Subaru,Outback,2010,WAULT64BX2N848571,Green,3556.19
454,Oldsmobile,Achieva,1995,JN8AF5MR6ET943349,Purple,19277.76
455,Audi,TT,2001,1GKS1GEJ4DR263792,Aquamarine,19389.44
456,Chevrolet,Suburban 2500,2011,WAUAH94FX8N284104,Khaki,15548.82
457,Hyundai,Sonata,2003,3C6TD4CT4CG930070,Indigo,5373.96
458,Honda,Passport,2001,WBAEN33465E916163,Turquoise,2605.82
459,Audi,S6,1995,1G6AB5RA7F0614465,Pink,5687.84
460,Nissan,300ZX,1992,3VW1K7AJ3FM255002,Red,16379.62
461,Chrysler,Imperial,1992,JM1NC2JFXC0798958,Puce,24473.66
462,Subaru,Legacy,2008,WDDHF5KB3EA177906,Pink,21397.49
463,Mercedes-Benz,S-Class,1999,WVGAV7AX7CW531185,Green,21401.89
464,Nissan,Frontier,2002,3GYFNDEY5AS784200,Khaki,15231.60
465,Suzuki,Forenza,2007,WBAXH5C53DD226475,Violet,14402.38
466,Saab,9000,1991,3VW1K7AJ8CM395400,Goldenrod,24163.61
467,Chevrolet,Express 3500,2012,WAUCD64B24N153842,Green,3854.44
468,Toyota,Yaris,2009,5NPDH4AEXDH055298,Aquamarine,2414.34
469,Dodge,Stratus,1996,5TDDK3DC5BS991987,Puce,23208.52
470,Lincoln,MKX,2012,WAULC68E44A577683,Blue,23043.27
471,Mitsubishi,Truck,1990,3GTXCYEJ1AG407795,Yellow,10004.96
472,Cadillac,Escalade EXT,2002,JTMHY7AJ7A5761530,Green,17785.17
473,Nissan,Sentra,2006,3VW217AU0FM132677,Mauv,22685.15
474,Cadillac,Eldorado,1992,WVGBF7A97AD933509,Pink,3261.92
475,Hyundai,Azera,2007,5N1AA0NE8EN841933,Khaki,5138.49
476,Mitsubishi,Challenger,2000,1FT7W2A64EE780734,Crimson,9694.77
477,Infiniti,Q,2005,JH4CL958X5C683448,Blue,22613.41
478,Ford,Explorer Sport,2002,WAULF98KX9N654619,Blue,20321.99
479,Toyota,Tacoma,2010,5FRYD3H66GB616491,Mauv,23039.48
480,Subaru,Brat,1985,WVWAA7AJ4CW193336,Turquoise,20452.97
481,Mercedes-Benz,CLK-Class,2008,3D4PG3FGXBT007787,Violet,11066.06
482,Toyota,MR2,1994,WAUBH74F86N022068,Khaki,12709.68
483,Eagle,Talon,1995,WBAYA8C54DC936999,Khaki,4004.47
484,Suzuki,Equator,2011,1FMEU6EE8AU030254,Crimson,4075.19
485,Toyota,Camry Hybrid,2008,SAJWA4FC1EM290265,Violet,22640.75
486,Chrysler,PT Cruiser,2009,WAUVC68EX3A368052,Pink,22507.18
487,Volkswagen,Jetta,1995,2T2BC1BA7FC393260,Orange,5579.72
488,Plymouth,Grand Voyager,1999,JH4CU2E84CC207049,Puce,19604.04
489,Ford,F350,1997,WUARU78E67N403212,Pink,13075.82
490,Mazda,B-Series,2002,1J4NF1FB7BD025356,Orange,6009.04
491,Volvo,V70,2009,1D7CE2GK9AS712309,Orange,24188.23
492,Cadillac,Seville,1997,1G6DK1E31C0309858,Red,12932.87
493,Eagle,Vision,1995,WAUFL44D53N046286,Maroon,19676.97
494,Ford,Taurus,1990,2T1BU4EE9DC229524,Yellow,3293.60
495,Mercury,Sable,2004,JTDZN3EU1EJ845091,Crimson,15982.21
496,Lexus,LX,2011,1G6DM577180523001,Pink,7905.00
497,Volkswagen,riolet,1992,WP1AA2A25CL437357,Crimson,16996.63
498,Mazda,MX-5,2004,JH4DC53863S259350,Khaki,16045.21
499,Suzuki,Swift,2006,3VWML7AJ2EM078645,Crimson,19850.46
500,Subaru,Forester,2000,JN8AS5MT0AW997083,Orange,3069.50
501,MINI,Cooper,2012,WBAFR7C53BC267065,Khaki,16484.16
502,Nissan,200SX,1997,4T1BD1FK4EU819729,Aquamarine,4504.84
503,Volkswagen,GTI,2005,1VWAH7A33EC757671,Purple,14071.08
504,Lexus,GX,2011,1VWAP7A30EC131871,Pink,21431.23
505,Audi,A4,2007,1FTEW1CF0FK097706,Goldenrod,16951.84
506,Bentley,Arnage,2005,WVGAV7AX0FW995021,Blue,15286.59
507,Ford,F150,2004,3GYT4LEF5CG027298,Purple,9079.89
508,Audi,4000s Quattro,1986,WBABS53441E612735,Orange,7244.05
509,Chevrolet,Cavalier,1995,2G4GT5GR1C9782998,Turquoise,24473.98
510,Mazda,Familia,1991,2B3CJ7DJ7BH801949,Purple,7805.92
511,Nissan,Titan,2009,19UUA66267A261181,Mauv,10469.58
512,Toyota,Tercel,1997,WA1CFAFP0BA700338,Pink,20223.69
513,Ford,Explorer,2012,3CZRE3H59BG931003,Maroon,8282.11
514,Ford,F-Series Super Duty,2008,WA1YD54B02N778346,Aquamarine,6559.58
515,Plymouth,Grand Voyager,2000,3D73Y3HL4BG371687,Puce,4918.38
516,Chevrolet,Express,2008,WBAKP9C52ED093102,Violet,9842.95
517,Mazda,B2000,1985,1GTN1TEH5FZ611651,Goldenrod,23915.45
518,GMC,Sonoma,2001,WBAYE4C52FD085733,Green,4428.08
519,Ford,Crown Victoria,2002,JN1CV6FE8CM156792,Blue,21923.57
520,Nissan,Murano,2005,5NPEB4AC3CH044078,Goldenrod,11654.16
521,Honda,Odyssey,2012,3VWC17AU9FM979332,Khaki,11972.06
522,Land Rover,LR3,2005,1C3BC7EG0BN997543,Fuscia,3246.65
523,Hyundai,Elantra,1996,1FTEW1E84AF252760,Fuscia,24831.64
524,Chevrolet,Tahoe,2007,3GYFNCE30DS133849,Mauv,6371.11
525,Ford,Ranger,1987,3C3CFFJH5ET532944,Blue,14298.71
526,Toyota,Camry Hybrid,2011,WA1CGAFEXBD336231,Aquamarine,13793.34
527,Mercedes-Benz,SLK-Class,2000,19UYA41753A137776,Blue,18302.19
528,Maserati,Biturbo,1987,5J8TB3H58FL357914,Puce,10352.11
529,Suzuki,SJ,1995,SAJWA2GZ4E8309956,Purple,23494.47
530,Mercedes-Benz,M-Class,2003,3GYFK66N73G296252,Aquamarine,14581.29
531,Isuzu,Rodeo,1992,WBABS33403P466328,Aquamarine,14466.20
532,Chevrolet,Camaro,1996,3G5DA03E94S725009,Teal,4175.73
533,Honda,CR-V,1998,KMHHT6KD8AU800807,Blue,23018.15
534,Lincoln,Mark VIII,1998,3C6JD6DTXCG215960,Red,6764.34
535,BMW,7 Series,1992,4F2CY0C78AK964432,Fuscia,23024.45
536,Mitsubishi,Mighty Max Macro,1993,WBAPK73509A235415,Mauv,11125.83
537,Acura,NSX,2004,2C3CDXGJ9DH323476,Indigo,4661.99
538,Cadillac,Eldorado,2000,WAUMFAFL8AA902153,Aquamarine,12257.78
539,Mercedes-Benz,500E,1993,JH4KB2F69CC701860,Green,9581.34
540,Volkswagen,GTI,1993,1FTMF1CW1AF502162,Pink,5188.88
541,Chevrolet,Suburban,2010,SCFEDEAN3CG938637,Violet,2243.70
542,Chevrolet,Metro,1999,WBAWB73508P467150,Puce,6632.16
543,BMW,3 Series,2003,SCBLF44J07C090543,Orange,21943.52
544,Suzuki,SX4,2012,WAULC68E92A901675,Mauv,10444.45
545,Buick,LaCrosse,2009,5FNYF3H23AB367440,Purple,19118.48
546,Lexus,GX,2003,KNADH4A33B6873233,Orange,9798.13
547,Infiniti,G37,2012,4USBT53595L325153,Violet,14156.75
548,Mercedes-Benz,SL-Class,2008,WBA3B5C54DJ448783,Purple,17366.22
549,Mitsubishi,Galant,2010,JHMFB4F23CS520821,Maroon,23143.62
550,Kia,Sedona,2002,1FTNF2A56AE290658,Goldenrod,13968.99
551,BMW,Z4 M,2008,5GADV23L85D770081,Orange,3576.05
552,Maybach,57S,2005,WP0AB2A9XFS651138,Red,11893.27
553,Dodge,Intrepid,1995,WAUDF78E47A235348,Green,2973.08
554,Suzuki,Sidekick,1996,1C3CDFAA4DD970397,Maroon,4180.00
555,Infiniti,QX,1998,WBABS53421J251514,Fuscia,14416.72
556,Lexus,LS Hybrid,2012,JH4KB16577C117822,Green,15138.95
557,Ford,Th!nk,2000,WAU4FBFL9CA976609,Goldenrod,16599.94
558,Volkswagen,Golf III,1995,KNAFX6A80F5879389,Indigo,3837.88
559,Lotus,Elan,1992,4T1BD1EB7DU530392,Mauv,22078.69
560,Dodge,Ram 2500 Club,1999,JN1CV6AP0FM917974,Pink,7800.20
561,Jeep,Liberty,2010,5UXFF03579L945926,Crimson,5432.63
562,BMW,600,1959,WAUBFAFL2AN820614,Orange,18792.24
563,Lotus,Elise,2006,KNAGM4AD8B5113564,Crimson,18033.06
564,Suzuki,Equator,2010,1G6DT57V280475915,Khaki,9567.10
565,Mazda,CX-9,2010,1GYS4HEF0DR878192,Violet,15335.55
566,Chevrolet,G-Series G20,1992,WAUAC48H43K783908,Turquoise,5192.37
567,Mercury,Cougar,2001,JN1CV6FE2BM641136,Crimson,9724.84
568,BMW,3 Series,1993,WAUDH78E26A072014,Violet,9755.52
569,Jeep,Grand Cherokee,1999,1GYS4GEFXBR440030,Purple,22073.56
570,Honda,S2000,2003,1N4AA5AP4EC438297,Yellow,9132.67
571,Isuzu,Trooper,1997,WBAAZ33493P982212,Indigo,12976.83
572,Cadillac,Eldorado,1999,JM1GJ1T66E1216034,Mauv,13983.53
573,Chevrolet,Citation,1980,3GYFNBEY1AS617319,Khaki,13251.82
574,Ford,Crown Victoria,1999,WAUSFAFL3BA872858,Turquoise,20850.88
575,Audi,4000CS Quattro,1987,19UUA56711A973904,Red,4827.61
576,Spyker,C8 Spyder,2004,WBA4B3C56FG729542,Aquamarine,23884.42
577,Lincoln,MKZ,2012,1D7RV1CP6AS398172,Pink,15308.77
578,Mitsubishi,Montero,2004,3N1AB7AP0FL239307,Goldenrod,24752.13
579,Porsche,Boxster,2012,19UUA9E53EA694967,Aquamarine,21757.37
580,Pontiac,Sunfire,2000,WAUHFAFL9EN651918,Puce,14267.59
581,Jeep,Liberty,2006,1FAHP3GN6AW174659,Indigo,12312.21
582,Honda,Civic,2002,WAUSH78E16A795893,Green,24240.22
583,Nissan,NV1500,2012,WBA3V9C51FP715859,Maroon,16797.61
584,Mercury,Cougar,1988,WAUAH78E37A055291,Orange,19319.15
585,Honda,Passport,2002,WBSDX9C50DJ396268,Turquoise,17524.22
586,Pontiac,Grand Prix,2001,1G6KD57Y79U789049,Pink,15245.93
587,Mazda,626,2002,WBA5A5C54ED733415,Mauv,8924.13
588,GMC,Sierra 3500,2009,WAUAFAFL4AN418704,Teal,16176.97
589,Chevrolet,Corvette,1973,1G6AB5SXXD0589525,Fuscia,5186.46
590,Chevrolet,Express 3500,2006,1GYEE437980970653,Crimson,7655.71
591,Ford,Econoline E150,1994,WBAYM9C54DD125565,Aquamarine,19814.22
592,Ford,Tempo,1988,JM1CW2BL4C0411078,Fuscia,24149.90
593,Toyota,Matrix,2005,WAU2GAFC9FN239907,Mauv,21486.82
594,Porsche,Cayenne,2010,WBANU535X8B164917,Aquamarine,2336.19
595,Toyota,Tacoma,2005,1GKS1FEJ1CR364409,Mauv,22063.33
596,Jaguar,XJ Series,2003,2C4RDGBG2ER418300,Teal,12526.65
597,Ford,Fusion,2006,1J4NF1FB8BD562351,Goldenrod,10069.73
598,Eagle,Talon,1996,2FMHK6CCXAB196429,Maroon,23993.50
599,Lexus,RX,2006,WAUGVAFRXAA737968,Orange,11045.85
600,GMC,Sierra 1500,2012,3D7TP2CT6BG795554,Orange,10383.71
601,Chevrolet,Cobalt SS,2007,5J6TF1H50DL383339,Green,15169.34
602,Pontiac,Bonneville,2000,KL4CJHSB8EB008182,Green,17950.33
603,Dodge,Ram Wagon B350,1994,SCBBR93W278342938,Pink,16498.34
604,Lotus,Elise,2005,4T1BF1FKXFU804082,Fuscia,19444.22
605,Chevrolet,Astro,1997,NM0AE8F79F1934246,Turquoise,22676.90
606,Mercury,Cougar,1969,5UXKR2C57F0132164,Pink,8743.86
607,Lexus,GX,2007,WBANN73526B299198,Fuscia,16084.41
608,Maserati,Spyder,2003,SALWR2TF6FA094215,Aquamarine,6034.01
609,Lotus,Evora,2011,1FTEW1E87AK554096,Red,24691.16
610,Plymouth,Fury,1964,1GYS4FEJ0DR669009,Goldenrod,5427.45
611,Mitsubishi,Lancer,2012,WAUKFAFL1EA059104,Khaki,4676.61
612,Mitsubishi,Mighty Max,1992,WA1VKBFP0AA452794,Turquoise,19460.67
613,Audi,RS4,2007,JTHBE1BLXD5170106,Mauv,13077.27
614,Mercury,Sable,1999,WAUKH74F67N175758,Teal,22369.67
615,Pontiac,Sunbird,1994,1N6AA0CC9FN294563,Mauv,24367.83
616,Ford,Excursion,2003,1GD21XEG0FZ709788,Yellow,10040.15
617,Mercedes-Benz,SL-Class,2001,WBAUN13599V061750,Fuscia,5936.19
618,Ford,Fiesta,2011,WAUEH98E67A333467,Maroon,24268.34
619,Chevrolet,Corvette,2008,WAUDF98E87A920125,Red,11453.59
620,Ford,Bronco,1991,JH4DC53876S032625,Violet,20172.16
621,Suzuki,Swift,1994,3C3CFFJH1ET088509,Turquoise,9606.52
622,Subaru,Legacy,2004,3FAHP0GA0AR151988,Crimson,4775.83
623,Pontiac,Grand Am,2000,1GKS1AKC0FR504012,Crimson,9992.39
624,Saturn,Sky,2008,SCBCR73W28C495682,Goldenrod,20918.77
625,MINI,Cooper,2006,5N1AR1NBXBC470494,Aquamarine,7769.64
626,GMC,Vandura G3500,1996,1FTMF1C80AK332658,Khaki,5327.73
627,Lincoln,Town Car,1988,1LNHL9DR9CG138778,Indigo,2128.64
628,Toyota,MR2,2000,ZFBCFADH4FZ962245,Red,17426.38
629,Ford,Fusion,2008,5LMJJ2H55EE772137,Maroon,17492.44
630,Chevrolet,Avalanche 2500,2003,WAULFAFH0BN459885,Aquamarine,10287.04
631,Volvo,C30,2009,3D73M4CL9AG383759,Mauv,18429.41
632,GMC,Suburban 2500,1994,2D4RN1AGXBR367820,Fuscia,24182.95
633,Toyota,RAV4,2000,1FTEW1CF8FK040556,Green,2922.95
634,Mitsubishi,Starion,1985,KNAFU5A20B5127958,Maroon,11427.96
635,Ford,Ranger,2001,1GYS4TKJ9FR838191,Purple,10901.21
636,Pontiac,Sunbird,1990,5TFAW5F11FX049076,Khaki,12231.37
637,Ford,Explorer,1994,SCFBB03B27G191343,Red,8804.62
638,Toyota,TundraMax,2011,4USBT53595L169177,Turquoise,2738.68
639,Mazda,323,1995,WA1LGBFE6DD113936,Crimson,20968.77
640,Ford,LTD Crown Victoria,1988,JHMZE2H59AS201825,Blue,19035.18
641,BMW,M3,2004,1D7CE3BK6AS669206,Crimson,16804.09
642,Toyota,Sequoia,2008,WAUDGAFLXBA979217,Goldenrod,14568.59
643,Chevrolet,Tracker,1998,WBABS33422P801166,Pink,22927.21
644,Ford,Thunderbird,1989,2LMDJ6JK8FB420419,Purple,24216.48
645,Hyundai,Sonata,2001,19VDE2E55DE552733,Mauv,23974.14
646,Volvo,240,1992,3GTXKYEJ1AG811828,Aquamarine,20473.72
647,Mazda,323,1994,1FTEW1C8XAK409573,Aquamarine,10453.86
648,Porsche,Boxster,2001,TRURD28N961227803,Purple,17172.43
649,Ford,Explorer,1999,19UUB2F73FA518667,Yellow,10716.98
650,Mitsubishi,Diamante,2002,WA1DGBFE0FD893343,Purple,20958.92
651,Cadillac,CTS-V,2009,WBAAV33471E563733,Fuscia,5334.06
652,Chevrolet,Colorado,2008,SCFFDECN7CG797296,Green,15794.21
653,Hyundai,Elantra,2007,3VWKX7AJ5CM819959,Red,2924.16
654,Buick,Park Avenue,2004,1FTKR1AD4AP571597,Teal,22881.89
655,Acura,Legend,1994,1N6AD0CU7DN339268,Violet,13964.64
656,Toyota,Highlander,2003,1C4SDHCT1CC318262,Purple,6292.46
657,Suzuki,Sidekick,1997,1G4CU541424226177,Mauv,8268.54
658,Ford,Excursion,2001,1G6DT57V980991995,Turquoise,24806.40
659,Ford,Ranger,1989,19XFB4F26FE562439,Purple,11531.53
660,Dodge,Durango,2011,YV4952CF9D1744486,Khaki,10520.71
661,Isuzu,Amigo,1999,YV1672MC0BJ814968,Purple,13035.59
662,BMW,5 Series,2008,JN1AZ4EH2DM582958,Purple,20723.17
663,Mazda,626,1987,1GKS1EEF3CR265824,Mauv,18119.60
664,Mitsubishi,Pajero,1984,19XFB4F25EE558073,Violet,23460.71
665,Ford,Mustang,2008,SCBBR93WX78361284,Yellow,11394.04
666,Mitsubishi,Diamante,1996,3D7JB1EK3BG034677,Blue,7996.26
667,GMC,Safari,1994,19UUA76647A665251,Orange,19102.92
668,Kia,Rondo,2007,5J6TF1H58EL755592,Mauv,9715.68
669,GMC,Jimmy,2000,KL4CJGSB3FB316677,Purple,6694.85
670,Honda,Insight,2012,1GKKRNED9BJ572144,Crimson,19941.47
671,Chevrolet,Corvette,1996,1YVHZ8BH9A5063008,Red,16231.45
672,Maserati,Quattroporte,2010,4USBU33518L610919,Yellow,18281.61
673,Buick,LaCrosse,2007,1N6AF0KYXFN427281,Orange,14703.37
674,Dodge,Dakota,1996,2LMHJ5AT7CB715852,Indigo,21223.52
675,Pontiac,Sunbird,1984,2T3BF4DV5BW377801,Violet,13806.19
676,Dodge,Caravan,2000,WAUJC68E12A013879,Green,13747.06
677,Chevrolet,Sportvan G20,1995,JH4DC53804S246479,Fuscia,20907.16
678,Volkswagen,Passat,2012,SALVP2BG3FH147178,Crimson,13266.85
679,Toyota,Highlander,2010,JM3ER2A54C0105797,Pink,24115.84
680,Honda,del Sol,1997,1FTEW1CW9AF429255,Maroon,11705.20
681,Ford,E-Series,1995,YV4852CT7B1110995,Goldenrod,13813.21
682,GMC,Sierra 1500,1999,WBAVB735X8F426350,Maroon,14263.93
683,Chevrolet,1500,1998,1FTSW3B55AE570417,Maroon,12997.79
684,BMW,8 Series,1996,WAUHFAFL0DA654549,Purple,24751.23
685,Volkswagen,Cabriolet,1985,WBANU53588C269417,Orange,5297.21
686,Maserati,GranTurismo,2009,KNALN4D74E5223369,Goldenrod,6359.44
687,Chevrolet,Corvette,1956,WBA3A5C54FP159471,Goldenrod,19189.42
688,Daewoo,Nubira,2001,WDDHF0EB3EA798920,Orange,13501.53
689,Chevrolet,Express 3500,1997,YV1902MC2F1173264,Goldenrod,21862.46
690,Ford,Aerostar,1992,WVWAB7AJ5CW363605,Pink,11344.89
691,Ford,F150,1993,JH4CU25649C315503,Indigo,7585.60
692,Dodge,Viper,2006,1C6RD7HT3CS376632,Khaki,24456.11
693,Mazda,B-Series,1991,1FMJU2A51AE397813,Maroon,8015.97
694,Cadillac,Fleetwood,1954,WA1LFBFP9DA954042,Pink,16394.08
695,Dodge,Viper,2001,SCBFR7ZA3CC858315,Crimson,11782.04
696,Audi,A5,2010,1ZVBP8AM9E5816345,Turquoise,20944.00
697,Chevrolet,Express 1500,2001,1D7RB1CT7BS288111,Khaki,4066.26
698,Infiniti,G,1994,WBADX1C57CJ213193,Yellow,23780.03
699,Chevrolet,Monte Carlo,1973,4T1BD1FK5CU021690,Khaki,14431.46
700,Jaguar,XK Series,1999,1G6DV5EP9A0520224,Orange,19394.91
701,Hyundai,Accent,2010,WAUEH98E87A312927,Purple,10308.69
702,Buick,Hearse,1996,JTDKN3DU6A0918510,Maroon,7351.12
703,Mercedes-Benz,W201,1985,1FMJK1JT7FE000336,Mauv,15041.49
704,Toyota,Paseo,1997,1GYS3CEF5DR973546,Purple,12395.33
705,Chevrolet,Colorado,2008,3C63DRNLXCG898073,Goldenrod,2219.59
706,Buick,Rendezvous,2006,WAUAGAFDXDN838607,Blue,24907.11
707,GMC,Yukon XL 1500,2011,5BZAF0AA2FN114491,Maroon,18298.73
708,Nissan,Altima,2004,1FMJU1H51AE258667,Green,10931.50
709,Hyundai,Sonata,2012,1GD12YEG6FF798475,Puce,8220.90
710,Ford,Mustang,1989,WAUUL78E78A756834,Crimson,16710.73
711,Chrysler,Sebring,2006,1FMJK1G54BE632407,Red,5987.07
712,Pontiac,1000,1986,1FMJK1H54EE302527,Puce,13466.59
713,Rolls-Royce,Phantom,2013,WA1C8AFP9EA120293,Orange,3234.46
714,GMC,Yukon XL 1500,2002,JM3TB2CA8D0320607,Mauv,10039.35
715,GMC,Jimmy,1992,1G6DP8E3XD0291565,Yellow,2191.73
716,Volvo,S70,1999,JTHBL1EF8B5403392,Aquamarine,22737.21
717,Pontiac,Bonneville,2002,WBA3B5C55EF530753,Aquamarine,9725.41
718,Ford,Flex,2011,1YVHZ8BHXD5154633,Crimson,12270.09
719,Ford,E350,2006,WBADR63492G513165,Khaki,8281.73
720,Volvo,C70,2012,2G4GU5GV1D9201480,Maroon,18651.97
721,Saturn,Outlook,2008,1G4HP52K044904323,Aquamarine,16989.14
722,Toyota,Paseo,1994,3D7TT2CT4AG792341,Orange,6046.14
723,Ford,Ranger,1999,1GD311CG3FF633764,Fuscia,7422.75
724,Cadillac,Seville,1996,1FTEX1C89AF281641,Aquamarine,2139.68
725,Kia,Optima,2011,1G6AZ5SX5E0825933,Goldenrod,12892.97
726,Dodge,Viper,1999,2T1BU4EE3DC767667,Purple,23865.13
727,Jensen,Interceptor,1966,WAU2GAFC9FN906779,Aquamarine,23916.59
728,Dodge,Ram 3500,2010,1N6BF0KL4FN865836,Crimson,4860.83
729,Toyota,Tacoma,2012,1G6DJ5EG0A0785495,Crimson,12995.38
730,Land Rover,LR4,2010,3C63DPKL4CG019255,Fuscia,2836.22
731,Nissan,Pathfinder,1993,WA1WYBFE4AD267650,Mauv,3784.41
732,Mitsubishi,i-MiEV,2012,1G6DV5EP1C0429354,Red,7833.78
733,GMC,Suburban 2500,1999,5NPEB4AC3BH699016,Puce,14010.62
734,GMC,3500 Club Coupe,1993,WAUKF98E76A872199,Indigo,9817.88
735,Lexus,LX,2008,1GKS1KE02DR233393,Khaki,21195.67
736,Pontiac,Grand Prix,1991,JH4DC54843C302172,Khaki,7182.90
737,Infiniti,FX,2006,1GYEC63T52R168120,Purple,11308.54
738,Pontiac,Bonneville,1967,WDDEJ7EB8BA166856,Goldenrod,9167.89
739,Mazda,MX-5,1997,19UUA65666A799009,Mauv,14487.84
740,Lincoln,Navigator L,2009,WUARL48H69K363469,Turquoise,14433.74
741,BMW,530,2001,3VWML7AJ2EM318969,Indigo,15801.87
742,Pontiac,Bonneville,1991,3N1CN7AP7DL405674,Goldenrod,22226.79
743,Saturn,Aura,2007,WA1YD54B95N791326,Fuscia,4006.78
744,Nissan,Quest,2012,JH4CU4F40AC582733,Purple,13869.82
745,Pontiac,Sunfire,1999,JN8AF5MV2FT367404,Yellow,22123.35
746,Hyundai,Elantra,2007,1GTC5MF97B8375612,Goldenrod,2540.08
747,Subaru,Outback,2001,JN1BY1AR9EM137106,Puce,5869.39
748,Acura,TL,2009,1GYS3CKJ3FR074065,Violet,5689.59
749,GMC,Yukon XL 2500,2002,WAUSH98E36A765421,Aquamarine,5946.04
750,Buick,Rendezvous,2007,2C3CDXCT5CH853837,Blue,3219.04
751,Isuzu,Ascender,2007,1G4HP52K24U350833,Pink,22000.78
752,Ford,Expedition EL,2011,2FMGK5DC6AB468074,Fuscia,2359.34
753,Ford,F150,1995,1G4GE5G35FF854853,Violet,6182.20
754,Dodge,Charger,2010,JN1AV7AR5FM744516,Yellow,15120.04
755,Aston Martin,V8 Vantage S,2011,1G6KE54Y45U854466,Maroon,16924.91
756,Mercedes-Benz,CL-Class,2003,JTJYWRBZ2F2702381,Aquamarine,7617.51
757,Toyota,MR2,1994,1G4GH5G33DF765433,Puce,2916.00
758,Acura,TL,2009,WAUAF78E05A280058,Fuscia,11231.48
759,Mazda,Navajo,1993,WBAVC935X7K658364,Violet,18634.08
760,Ford,Econoline E350,2002,SCFEFBAC9AG465461,Khaki,23632.48
761,Ford,E-Series,2002,WAUDGAFL0DA270332,Red,10917.24
762,Toyota,Celica,2004,WAUMFBFL1DN106721,Khaki,2184.04
763,Pontiac,1000,1986,2V4RW3D19AR346166,Indigo,13587.80
764,Cadillac,DeVille,2003,1G6AP5SX0F0209743,Indigo,22853.94
765,Chevrolet,Equinox,2006,1N6AD0CW2EN454329,Yellow,11411.46
766,Mazda,Navajo,1992,WAUFFAFL3BA763270,Maroon,6210.82
767,Suzuki,Esteem,2002,19UUA766X8A017771,Orange,11152.31
768,Buick,Century,1987,KMHTC6AD4CU939010,Mauv,12660.93
769,Jaguar,XK,2008,1G6AJ5SX7E0019521,Turquoise,20373.93
770,Buick,Lucerne,2009,5N1AA0NE4FN046833,Yellow,20278.25
771,Mitsubishi,Galant,1988,WBA3B5C5XEP736015,Khaki,16700.12
772,Dodge,Grand Caravan,2001,WAUDFAFC5FN835575,Violet,22540.58
773,Lexus,LX,2000,3VW8S7AT2FM547014,Purple,10064.81
774,Honda,Prelude,1996,WAUJC68E32A909617,Pink,8317.61
775,Ford,Bronco II,1984,WBAEK13416C783581,Teal,8090.87
776,Ford,Escape,2001,JN8AZ1MU0AW237605,Red,16220.01
777,Chevrolet,Suburban 2500,1999,JN8AS1MU2CM795572,Puce,13179.21
778,BMW,Z4 M,2007,SCBGT3ZA4FC101099,Pink,11949.61
779,Chevrolet,Astro,2001,1N6AA0EC7EN385049,Teal,11592.26
780,Acura,Integra,1993,1GYFK26209R503717,Violet,19099.77
781,Jeep,Patriot,2007,3C3CFFJH2DT953163,Green,9661.88
782,Ford,Focus,2007,3LN6L2G98FR346576,Orange,17706.51
783,Ford,Econoline E150,2002,5N1CL0MM3EC736773,Khaki,14550.98
784,Dodge,Dakota,2001,KNADH5A36A6251522,Goldenrod,4021.85
785,Ford,EXP,1985,3C3CFFJH6DT806103,Fuscia,13660.55
786,Porsche,944,1990,2FMHK6DT5AB247544,Teal,13778.57
787,Audi,Quattro,1994,SCFFBCCD7BG931773,Goldenrod,19653.92
788,Chrysler,LeBaron,1995,JTHBW1GG9F2707867,Violet,7336.35
789,GMC,Yukon XL 2500,2009,3GYT4LEF8DG665501,Fuscia,2596.82
790,Volkswagen,Corrado,1990,WAUEF78E38A155514,Purple,11792.84
791,BMW,745,2004,WAUAFAFHXCN810357,Khaki,16827.70
792,Honda,Prelude,1995,WBA3B1C51DF507042,Teal,10769.49
793,Audi,90,1990,19UUA56691A359805,Yellow,10553.82
794,Mercedes-Benz,300SL,1993,19VDE1F37DE008967,Turquoise,12826.17
795,Mazda,Protege,1994,WBAYG0C59DD520490,Aquamarine,3939.32
796,GMC,Sierra 1500,2001,3VWML7AJ8DM596063,Yellow,2823.02
797,Subaru,Legacy,1992,1J4AA2D10AL417273,Green,13037.50
798,BMW,Z4,2004,WVGAV7AX5CW291635,Puce,14358.88
799,Plymouth,Voyager,1997,2G4GP5EC2B9919917,Pink,14433.99
800,Ford,Bronco,1986,WAUJC68E65A957567,Puce,20388.59
801,GMC,Yukon Denali,2000,3VWJX7AJ4AM207602,Turquoise,22075.22
802,Honda,Insight,2006,3GYT4MEF1BG745936,Orange,12539.43
803,Jeep,Grand Cherokee,2001,5NPDH4AE8FH979614,Orange,16313.26
804,Smart,Fortwo,2011,WAUPEAFM7DA062900,Maroon,16253.76
805,Aston Martin,DBS,2008,1FTEX1CM9CF325007,Purple,10311.79
806,Lincoln,Navigator,1999,WBA3V7C58FP442861,Turquoise,18413.92
807,Lincoln,Continental,1984,1G6DH5EG8A0055457,Maroon,10136.62
808,Mazda,Protege,1992,SALVP2BG3EH033535,Orange,7881.91
809,Chevrolet,S10,1997,WAUDF48H17A617703,Yellow,9498.20
810,Volkswagen,GTI,2008,JH4DC53035S180215,Turquoise,13242.09
811,Oldsmobile,Silhouette,2003,2D4RN7DG7BR605377,Red,2478.32
812,Honda,Fit,2010,WBABS33423J318233,Teal,24548.47
813,Mercedes-Benz,500SEL,1992,WBAKA8C58AC020926,Blue,15421.12
814,Pontiac,Grand Prix,1989,WAU3GBFC2DN360575,Blue,17572.08
815,Ford,Mustang,2005,3D7JV1EP1AG778957,Indigo,7005.03
816,Saab,9000,1989,WBABD53424P041152,Blue,22636.93
817,Mitsubishi,Galant,1999,1FMEU8FE9AU567452,Aquamarine,4951.08
818,Pontiac,Grand Am,1986,3VW507AT2FM055205,Red,2018.25
819,Mitsubishi,Sigma,1989,5N1AA0NC6AN450630,Maroon,4240.19
820,Acura,RL,2002,1GT022CG7EF447069,Aquamarine,9263.30
821,Volkswagen,New Beetle,2000,JTHBL5EF7F5726281,Turquoise,10647.67
822,Toyota,Corolla,2011,1HGCR2E53FA867139,Indigo,21159.72
823,GMC,Savana Cargo Van,2006,WAUDG58E55A670278,Red,14784.89
824,MINI,Countryman,2012,JTDZN3EU6D3218177,Goldenrod,2803.50
825,Chevrolet,TrailBlazer,2002,WBAFR9C57DD983217,Violet,24077.91
826,Nissan,Cube,2012,5GADS13S572182972,Khaki,20987.04
827,Mitsubishi,GTO,1995,1D4PT5GK7AW715384,Teal,16016.67
828,BMW,525,2004,1C3CDFCB2FD455262,Yellow,2743.43
829,Mercury,Sable,1990,WBA3B3G54DN343474,Red,5595.74
830,Volkswagen,Touareg,2011,WBAEV53453K977028,Orange,22389.32
831,BMW,760,2004,5J6TF1H34BL059726,Puce,15096.50
832,Honda,Fit,2012,WA1YD54BX3N811676,Puce,8551.51
833,Toyota,Tundra,2005,3D73M3CL3BG132215,Red,14058.20
834,Lincoln,Town Car,2008,1N6AF0KX6EN439952,Mauv,6818.55
835,Suzuki,SJ,1995,5BZBF0AA3EN919130,Maroon,3555.92
836,Dodge,Ram 3500 Club,1997,1G4HR57Y18U473407,Teal,24466.51
837,Ford,Club Wagon,1994,JTDKDTB3XD1805428,Teal,15313.20
838,Volkswagen,Jetta,1986,WAUEH54B61N563577,Khaki,16188.09
839,Nissan,Armada,2009,WA1CGCFE1BD056905,Teal,4448.44
840,Chevrolet,Suburban 1500,2008,5UXKR2C54E0618235,Puce,17538.91
841,Infiniti,G,1995,2C3CDXDTXDH231976,Aquamarine,14457.11
842,Toyota,4Runner,1998,WAULT68E92A533093,Goldenrod,14903.76
843,BMW,5 Series,1995,1D7RE3BK5BS770846,Crimson,2020.36
844,Volkswagen,GTI,2002,1GYUCCEF6AR428296,Mauv,24043.15
845,Nissan,Frontier,2001,1N6AA0CA3AN848347,Mauv,3857.96
846,BMW,X5,2009,SALVP2BG5EH061983,Purple,10560.73
847,GMC,Savana 2500,2011,WBAEU33482K042432,Puce,19198.65
848,Subaru,Impreza,2007,KMHGC4DE5AU434312,Goldenrod,15950.11
849,BMW,7 Series,2005,3GYFNEEY3AS958321,Goldenrod,17965.24
850,Ford,Expedition EL,2009,5GALVCED0AJ269642,Green,21323.08
851,Chevrolet,Cobalt,2009,WAUSG94F49N164002,Violet,5604.83
852,Ford,E250,2004,SCFFDCCD7AG593641,Blue,14568.39
853,Chrysler,Aspen,2008,WBAKB4C57CC436331,Mauv,20693.04
854,Suzuki,XL-7,2002,1GYEK63N14R997936,Yellow,18916.30
855,Land Rover,Range Rover,1997,5N1AN0NW9EN277075,Goldenrod,10463.64
856,Mitsubishi,Outlander,2006,WDDHF2EBXDA055083,Blue,21568.70
857,Infiniti,Q,1999,JTDZN3EU4D3267619,Teal,6638.94
858,Kia,Sorento,2007,3FA6P0D92DR458746,Crimson,2867.45
859,Pontiac,G8,2008,3GYFNAE32CS154284,Goldenrod,15730.76
860,Scion,tC,2009,5GAKRBED7CJ457863,Maroon,9549.89
861,Toyota,Highlander,2005,WBABN33462P683274,Aquamarine,19604.26
862,Chevrolet,Blazer,1997,WAUKH74F28N589489,Puce,19444.42
863,Lexus,GS,1999,WVWAN7AN5EE159048,Puce,7516.61
864,Studebaker,Avanti,1964,WBANE53546C144392,Yellow,21820.24
865,Toyota,Tacoma,1998,WAUHF78P56A516169,Goldenrod,18137.47
866,GMC,Sierra 2500,2009,WA1VGAFP8EA257043,Indigo,14378.81
867,Infiniti,Q,1996,WAULC58E15A121796,Violet,20687.62
868,Cadillac,SRX,2007,1G6DG577890821344,Maroon,7975.47
869,Chevrolet,Corvette,1968,WVGAV7AX2FW138358,Puce,5745.45
870,Dodge,Ram 2500 Club,1996,WBAPH5C54BF991129,Goldenrod,5576.34
871,Mitsubishi,Mirage,1986,4T1BF3EK8AU913193,Goldenrod,17456.86
872,Mazda,MPV,2002,JH4CU2E87CC071466,Turquoise,14797.55
873,Dodge,Dakota,2001,1FTMF1CW9AF237460,Aquamarine,10645.85
874,GMC,Envoy,2002,JA32U2FU2FU038218,Puce,22644.04
875,Volkswagen,Scirocco,1988,5N1AA0NC9FN714981,Indigo,3251.38
876,Mitsubishi,Truck,1994,WAURFAFR5AA953393,Green,12079.71
877,Oldsmobile,Silhouette,1992,WAUDFAFLXDA825872,Pink,6692.36
878,Ford,F250,1992,WAUAFAFH2DN968273,Mauv,13194.23
879,Lincoln,Navigator,2008,WBAPH5G5XAN241491,Violet,22895.41
880,Hummer,H2 SUT,2006,WAUDF68E55A898080,Maroon,11443.21
881,Plymouth,Prowler,1999,WAUFGAFCXFN652193,Puce,11221.69
882,Volvo,S60,2003,WAUDK78T89A711940,Maroon,6660.49
883,Ferrari,612 Scaglietti,2008,1G6DB8E55E0413671,Yellow,22191.31
884,Acura,RL,2007,WBANA73545C715661,Indigo,17374.45
885,Oldsmobile,Regency,1997,WBAUC7C57AV900582,Violet,4190.61
886,Chevrolet,Suburban 1500,2001,2C3CDXBG8CH105913,Purple,11200.38
887,Mazda,B-Series,2001,1N6AA0CC3AN197626,Goldenrod,16081.11
888,GMC,Yukon XL 1500,2009,WBA6A0C53FG566309,Maroon,18183.08
889,Ford,LTD Crown Victoria,1984,3GTU1YEJXBG156690,Turquoise,5518.22
890,Acura,TL,2001,WDBWK5EA4BF900403,Goldenrod,5463.53
891,Dodge,Grand Caravan,2002,WAUJC58E14A107371,Teal,23353.84
892,Volkswagen,Scirocco,1987,WBA6B2C51DD213039,Puce,5368.47
893,GMC,Yukon,2013,KNDPB3A22D7866936,Mauv,21970.31
894,Acura,RDX,2011,YV4960DLXA2288896,Blue,6818.57
895,Ford,Probe,1995,WAUFFAFL7DA753926,Turquoise,24858.05
896,Suzuki,Aerio,2007,JTDJTUD36ED980762,Crimson,14895.30
897,Subaru,Tribeca,2011,1N6AA0EC4DN802304,Yellow,2092.18
898,Mercury,Topaz,1989,WVGEF9BP1ED392470,Turquoise,5157.08
899,Mercedes-Benz,CL-Class,2007,WA1WYAFE5AD268963,Violet,13460.90
900,Nissan,Armada,2009,WBA3A5G53EN548820,Pink,18330.12
901,Chrysler,Town & Country,2009,WAU4FAFR3BA455298,Goldenrod,16705.46
902,GMC,Suburban 2500,1996,1FM5K7B88EG896406,Puce,7295.14
903,Ford,Econoline E350,2001,5UXZW0C53C0533279,Fuscia,16923.15
904,Chevrolet,Monte Carlo,1997,WBA3C3G55FN309365,Maroon,6145.39
905,Nissan,Pathfinder,2001,WAUPL58E64A595730,Red,4859.04
906,Audi,RS 6,2003,WBAVB13586P649216,Green,16200.12
907,Volkswagen,Scirocco,1986,KNDKG3A24A7411075,Khaki,4771.90
908,Honda,Civic,1997,SCFHDDBT0EG744381,Orange,8587.17
909,Lexus,IS,2001,SCBCR63WX5C696719,Turquoise,14940.96
910,Porsche,928,1990,1B3CB4HA4AD284434,Purple,13104.42
911,GMC,Yukon XL 2500,2008,WP1AE2A20FL205354,Blue,9770.60
912,Lexus,ES,2011,WAUCFAFH3AN781788,Violet,5786.26
913,Dodge,Viper,1997,JTHBK1GG9E2907478,Teal,22200.84
914,Pontiac,Firebird,1991,2C4RRGAG9ER687641,Violet,24936.40
915,Dodge,Ram 2500,2005,WAUDGBFL6BA508798,Green,5357.80
916,Dodge,Grand Caravan,1995,SCBZK22E22C525944,Purple,18664.76
917,Suzuki,Equator,2009,WAUHE78P79A034083,Green,5871.03
918,Buick,Skylark,1994,WBA6B2C50ED876703,Maroon,4665.87
919,Suzuki,SX4,2008,1FTEX1E80AF363500,Yellow,4677.93
920,Mazda,B-Series Plus,2000,JH4NA12655S827982,Pink,14772.06
921,Toyota,MR2,2005,5GAKRCKD8EJ988017,Crimson,22775.79
922,Buick,Skylark,1991,1C4RDHEG7EC195259,Indigo,14751.73
923,Mercury,Villager,1993,JTHBE5C22B5101453,Orange,13681.16
924,Ford,Excursion,2004,WBA3B9C51DJ527027,Orange,12026.08
925,Chevrolet,Malibu,1998,1LNHL9DR4CG273473,Pink,20678.70
926,Honda,Civic,2009,KL4CJCSB4FB162649,Blue,8379.78
927,Buick,Century,2004,1G4GC5G31EF097728,Goldenrod,8247.20
928,Lotus,Evora,2012,5XXGM4A76CG615404,Blue,8018.88
929,Mitsubishi,RVR,1995,4T1BF1FK6DU101978,Purple,20063.81
930,Isuzu,Hombre,1997,SCBGR3ZAXDC895490,Fuscia,3374.61
931,Dodge,Colt,1989,WAULK78K49N959114,Purple,2916.90
932,Volkswagen,Scirocco,1986,1HGCR2E34FA369496,Red,22072.03
933,Nissan,Xterra,2008,1G6DN8EV4A0232160,Pink,3627.91
934,Subaru,Legacy,1996,WAUSF98E48A339925,Fuscia,16211.74
935,Honda,CR-V,2002,KNADH4A35A6556763,Violet,21192.34
936,Ford,Edge,2013,WAUVVAFR7AA670429,Orange,23088.61
937,Ferrari,458 Italia,2010,1G4GL5G31DF265897,Orange,17516.76
938,Chrysler,300,2011,1GD21ZCG1BZ564883,Aquamarine,10840.47
939,Volvo,V70,2005,3GYFNAEY7AS892543,Orange,22885.52
940,GMC,2500,1997,KNDPB3A27D7158410,Pink,19332.67
941,Jeep,Wrangler,2008,KNAFT4A29A5467377,Teal,13401.49
942,Mercedes-Benz,CLK-Class,2002,WBA3C3G54FN870544,Yellow,4371.78
943,Renault,Alliance,1983,1D7RW3GK1BS689199,Mauv,21608.84
944,Infiniti,G,1993,WAUR2AFD6DN952881,Violet,8459.10
945,Volkswagen,Golf III,1995,WP1AA2A27EL557227,Green,3345.89
946,Chevrolet,Corvette,2007,WVWAP7AN5EE176183,Yellow,10298.61
947,Hyundai,Accent,2003,TRUWT28N541374347,Orange,11964.09
948,Ford,Taurus,1993,1J4AA2D10AL171132,Mauv,12837.29
949,Volvo,S60,2008,SCBBR9ZA2BC033116,Fuscia,11388.07
950,Mercedes-Benz,SLK-Class,1998,YV126MFJ5F1402222,Teal,6049.81
951,Nissan,Sentra,1994,1GT02ZCG6EF971774,Yellow,16428.71
952,Land Rover,Defender,1997,WBANA535X5B674348,Green,7312.37
953,Jeep,Grand Cherokee,2009,5N1AR1NBXBC301768,Pink,10087.61
954,Mercedes-Benz,G-Class,2004,2G4WC552271576000,Purple,9005.68
955,Hyundai,Accent,2003,WBADX1C53CJ025447,Blue,15102.52
956,Hyundai,Accent,2006,1N4AL3AP9DC129048,Turquoise,10939.10
957,Porsche,911,1997,WAULC68E42A348658,Turquoise,11041.86
958,Ford,F450,2010,WAUDN94F98N598641,Purple,23726.99
959,Land Rover,Range Rover Sport,2007,WAUVFAFH7AN780782,Indigo,2589.57
960,Ford,Econoline E150,1997,1GYUKAEF5AR375601,Goldenrod,7931.28
961,Porsche,Panamera,2012,4T3BA3BB7BU711148,Orange,24226.89
962,Dodge,Stratus,2003,WAUBF78E86A085945,Indigo,22219.73
963,GMC,2500 Club Coupe,1994,5J6TF1H55FL720865,Red,2933.76
964,Volvo,XC70,2003,WAUCFAFR4BA771269,Puce,2952.45
965,Mercedes-Benz,300SD,1992,4T3BK3BB3FU662517,Goldenrod,23188.71
966,Honda,CR-V,2000,2G4WS55JX31720767,Puce,11192.09
967,GMC,Rally Wagon 2500,1992,3D4PH6FG5BT360503,Red,21882.09
968,Chevrolet,Aveo,2007,1G6AY5S34F0757383,Pink,8329.03
969,Mazda,929,1992,WAUDFBFC8CN577148,Indigo,10917.82
970,Land Rover,Range Rover,1994,1G6AB5SA0F0829020,Yellow,22335.09
971,Chevrolet,Express 3500,2010,WA1LKBFP7AA117653,Turquoise,11194.30
972,Dodge,Aspen,1976,4T1BF3EK6AU407328,Fuscia,22496.73
973,Dodge,Ram 1500,2003,WBAVM1C56DV691662,Blue,13964.94
974,Chevrolet,Caprice,1983,WBAKB4C51BC410872,Goldenrod,2096.18
975,BMW,6 Series,1989,1N4AL2EP4DC768801,Puce,12968.30
976,Mercedes-Benz,E-Class,2012,1FTEW1CMXBF481428,Red,16789.47
977,Ford,Focus,2007,1FMJK1G5XBE269269,Puce,6187.79
978,Saab,9-4X,2011,2CTALMEC5B6757108,Red,21446.81
979,Chevrolet,Corvette,1969,WBA3B3C59DF313872,Pink,2592.20
980,Mercedes-Benz,SLR McLaren,2005,1B3CC1FB4AN193665,Teal,16034.80
981,Chevrolet,G-Series G10,1992,1C6RD6PT9CS980892,Violet,21303.39
982,Ford,Econoline E350,1996,4USBT53453L950282,Aquamarine,22268.43
983,Pontiac,6000,1984,1GKS1EEF0CR000715,Khaki,15604.23
984,Subaru,Tribeca,2009,5UXZV4C57D0163210,Teal,23146.46
985,Ferrari,F430,2009,WVGAV7AX2FW170467,Blue,18915.27
986,Chevrolet,Cavalier,1997,SCBZB25E22C389858,Blue,8905.24
987,Hyundai,Accent,2002,NM0KS9BN5BT142603,Violet,14848.54
988,Ford,Probe,1989,1NXBU4EE3AZ830440,Aquamarine,4538.65
989,Mitsubishi,Endeavor,2007,WAUKFAFL1CN814466,Purple,20991.22
990,Acura,RSX,2005,KNDMG4C71C6405198,Red,17149.19
991,Honda,Prelude,2000,JN8AF5MR6DT417575,Purple,23538.75
992,Pontiac,Aztek,2002,WAUHF78P67A955169,Violet,10806.24
993,Mitsubishi,Outlander,2010,WAUAH78E38A434583,Purple,13190.47
994,Lincoln,Navigator,2002,YV126MFB9F1918270,Blue,5203.60
995,Mazda,MX-5,1999,WAUML44E25N892765,Puce,4993.52
996,Audi,A4,2000,JTDJTUD34ED316153,Aquamarine,24009.85
997,Hyundai,Azera,2012,3VW507AT1EM599242,Khaki,22904.71
998,Pontiac,G6,2009,WAUJT68E44A180238,Teal,9007.52
999,Dodge,Ram 1500,1994,4USBU33598L709939,Purple,5092.20
1000,Mazda,Protege,1992,19UUA75678A210333,Green,4269.37
